time,x,y,yaw,x_vel,y_vel,yaw_rate,cmd_angle,cmd_speed,x_ref,y_ref,yaw_ref,x_vel_ref,y_vel_ref,yaw_rate_ref
1755748443.30881,2.0908807606621322,-2.452211324058323,1.4430336,0.0029739293212907142,0.003597939834774247,-0.02031989,-0.37475586,2.3164062,2.090872,-2.4522057,1.4430915,0.0052514053,0.040897634,0.027488936
1755748443.3176885,2.0908807606621322,-2.452211324058323,1.4430336,0.0029739293212907142,0.003597939834774247,-0.02031989,-0.32080078,2.2988281,2.0955606,-2.411241,1.4705805,0.0041253306,0.04102652,0.027488936
1755748443.3683276,2.0908549001096404,-2.4521998271509413,1.4428661,-0.0020449055223038777,0.001520943963944062,-0.017282834,-0.29736328,2.4160156,2.0991216,-2.370163,1.4980694,0.0029961383,0.041124407,0.027488936
1755748443.4183223,2.0909321979852744,-2.4516874517092746,1.4413571,0.00774645376154956,0.01774529360112072,-0.12259604,-0.27978516,2.4570312,2.1015522,-2.3290026,1.5255584,0.0018646827,0.04119122,0.027488936
1755748443.4681637,2.091639934067526,-2.449689568150005,1.4373374,0.018028881386570588,0.03305443326942779,-0.0047107777,-0.24169922,2.4667969,2.1028504,-2.287791,1.5530473,0.0007318181,0.04122691,0.027488936
1755748443.5182743,2.091756861069454,-2.446636521060026,1.4374524,0.0032324696772298785,0.09175776320319658,-0.115294844,-0.24365234,2.46875,2.1030157,-2.2465591,1.5805361,-0.00040159945,0.04123145,0.027488936
1755748443.5681124,2.092380147451272,-2.438273675639846,1.4351648,0.01748863390066265,0.23114219792211393,0.0975815,-0.24658203,2.4648438,2.1020474,-2.2053385,1.6080251,-0.0015347141,0.041204836,0.027488936
1755748443.6182141,2.0933480780605187,-2.4258299779941477,1.4328939,0.03808282374609874,0.35919676464559225,-0.055965982,-0.27124023,2.4570312,2.0999465,-2.16416,1.635514,-0.0026666687,0.041147087,0.027488936
1755748443.6681979,2.0957657683064412,-2.4028221901238678,1.4293599,0.0553229337720228,0.5330487313413653,-0.0019623798,-0.25976562,2.4492188,2.096715,-2.1230547,1.663003,-0.0037966082,0.041058246,0.027488936
1755748443.718377,2.0993774274643577,-2.365040279966506,1.4227407,0.06315719088718787,0.6799092321251798,-0.13799842,-0.13122559,2.3535156,2.0923543,-2.082054,1.6904919,-0.004923679,0.04093838,0.027488936
1755748443.7683926,2.104224046725435,-2.326070213842184,1.4158939,0.10630050089024363,0.8308206262138095,-0.1341253,0.097229004,2.09375,2.0868688,-2.0411882,1.7179809,-0.0060470295,0.040787585,0.027488936
1755748443.8181572,2.1088445588701816,-2.280978638358168,1.4093757,0.10908084013323105,0.9427106430010297,-0.095117584,0.28051758,1.7900391,2.0802617,-2.0004888,1.7454698,-0.0071658115,0.04060597,0.027488936
1755748443.8681839,2.114899719535646,-2.2318713426511585,1.4042993,0.1222056520935637,1.0156384449026892,-0.14197737,0.36254883,1.5498047,2.0725389,-1.9599864,1.7729588,-0.008279179,0.040393677,0.027488936
1755748443.9181542,2.121548090066367,-2.1789055084063143,1.3968086,0.1405411374421742,1.0801541668317403,-0.20561801,0.36621094,1.4179688,2.0637054,-1.9197117,1.8004477,-0.00938629,0.040150855,0.027488936
1755748443.9682376,2.126946601496725,-2.123739342661287,1.4055762,0.07614178158291993,1.1311079569894948,0.3199915,0.37182617,1.3662109,2.0537686,-1.8796949,1.8279366,-0.01048631,0.0398777,0.027488936
1755748444.0185547,2.1263913250758053,-2.067177795029148,1.4517586,-0.05039234187039924,1.1401912335082485,1.1260608,0.37402344,0.82177734,2.0427356,-1.8399663,1.8554256,-0.011578404,0.039574414,0.027488936
1755748444.0689735,2.1194189918766977,-2.010684051195782,1.5238228,-0.2055950484330392,1.1303954866014192,1.4621062,0.37695312,0.26464844,2.0306149,-1.8005561,1.8829145,-0.012661752,0.039241225,0.027488936
1755748444.1183057,2.10925648770533,-1.9669913667179366,1.5886347,-0.289180550601465,1.0806926946202948,1.589821,0.37768555,-0.10821533,2.0174153,-1.7614938,1.9104035,-0.013735533,0.038878385,0.027488936
1755748444.1693952,2.088761633763317,-1.9044054146327005,1.6782246,-0.37469237976672504,0.9815223458588571,1.4489532,0.37451172,-0.3630371,2.0031471,-1.7228091,1.9378923,-0.014798934,0.03848617,0.027488936
1755748444.2185311,2.068244491252492,-1.8565765240642365,1.7481128,-0.4030352487358266,0.9059360494391238,1.3511783,0.3708496,-0.5605469,1.9878211,-1.6845312,1.9653813,-0.015851153,0.038064875,0.027488936
1755748444.2681816,2.0479610883714674,-1.8161314937274768,1.8089867,-0.39782340290592255,0.7458887502268393,1.1306763,0.37182617,-0.5810547,1.9714488,-1.6466889,1.9928702,-0.016891396,0.03761482,0.027488936
1755748444.3186374,2.0282198407482728,-1.7829120192445285,1.8620673,-0.39186635045538126,0.6164113742886163,0.92247707,0.3720703,-0.63916016,1.9540427,-1.609311,2.020359,-0.017918875,0.03713634,0.027488936
1755748444.3681493,2.009148298450751,-1.7557400277038517,1.9137243,-0.35370091077193894,0.5144085799599977,0.92031693,0.37573242,-0.7114258,1.9356157,-1.5724256,2.0478482,-0.018932816,0.0366298,0.027488936
1755748444.4182317,1.9912563769400178,-1.7323764298639668,1.9579877,-0.3466915434391299,0.42820599450313973,0.793905,0.3708496,-0.7866211,1.9161817,-1.5360606,2.075337,-0.01993245,0.036095582,0.027488936
1755748444.4682238,1.9745835527898459,-1.7130260596328672,1.999404,-0.3246137530692143,0.36189596384409,0.79518044,0.36083984,-0.78271484,1.8957558,-1.5002434,2.102826,-0.020917026,0.035534095,0.027488936
1755748444.5180833,1.9599824555299434,-1.6967048816052108,2.034833,-0.27249517203458146,0.2899379160042471,0.78758436,0.34399414,-0.6801758,1.8743529,-1.4650013,2.1303148,-0.021885794,0.034945756,0.027488936
1755748444.5682087,1.9482335297142745,-1.6848809750972211,2.0608444,-0.1995720638961949,0.2024295176414476,0.2084859,0.31518555,-0.57910156,1.8519896,-1.4303608,2.1578038,-0.022838026,0.034331013,0.027488936
1755748444.6182456,1.9429644445030945,-1.6793496871275537,2.0713158,-0.10781349748665071,0.10193275105362083,-0.017857995,0.19177246,-0.062042236,1.8286828,-1.396348,2.1852927,-0.023773002,0.03369033,0.027488936
1755748444.668179,1.940345911858511,-1.676918292652036,2.0755205,-0.015578459519785835,0.0036324619414965106,-0.2549162,0.10687256,0.45629883,1.8044497,-1.3629887,2.2127817,-0.024690015,0.033024188,0.027488936
1755748444.7183888,1.943658639947518,-1.6795690890442427,2.068759,0.10388014539132939,-0.10732045599938261,-0.24156131,0.013320923,1.0126953,1.7793089,-1.330308,2.2402706,-0.025588375,0.032333095,0.027488936
1755748444.7683434,1.9549105736166112,-1.6912412741745089,2.0449228,0.23853887333231874,-0.24300996863056998,-0.576547,-0.07312012,1.6445312,1.7532793,-1.2983305,2.2677596,-0.026467396,0.03161757,0.027488936
1755748444.8184192,1.9659277117149783,-1.702578192745256,2.0170689,0.2863554300714061,-0.29308021809679446,-0.64776164,-0.095581055,2.0390625,1.7263807,-1.2670808,2.2952485,-0.02732642,0.030878156,0.027488936
1755748444.8687265,1.9814093289035482,-1.7189140128532008,1.9780735,0.2309359462516401,-0.26114951997756997,-0.58381915,-0.10510254,2.2363281,1.6986334,-1.236582,2.3227375,-0.028164798,0.03011541,0.027488936
1755748444.918662,1.991221147740172,-1.7309703725416987,1.9596763,0.15493850069728418,-0.21561080901691765,-0.22186881,-0.12335205,2.3398438,1.6700583,-1.2068576,2.3502264,-0.028981894,0.029329909,0.027488936
1755748444.968629,1.996360527514406,-1.7410181790785184,1.9535546,0.08219703492651935,-0.1847421690250603,-0.17095964,-0.18115234,2.375,1.6406769,-1.1779295,2.3777153,-0.029777093,0.028522247,0.027488936
1755748445.0184574,1.9980467597167504,-1.7455907179791756,1.9500499,0.0054247986617798226,-0.022638602990130978,-0.019210575,-0.18139648,2.3710938,1.6105115,-1.1498202,2.4052043,-0.03054979,0.027693035,0.027488936
1755748445.068706,1.997488929653201,-1.7448472169715572,1.9484146,-0.04162855595961367,0.07095920687135113,-0.1762822,-0.15148926,2.3320312,1.5795851,-1.1225505,2.4326932,-0.031299405,0.0268429,0.027488936
1755748445.1184967,1.9918194879372484,-1.7342558263752121,1.9506723,-0.16013797481352718,0.30405722004488117,0.11044797,-0.13598633,2.2753906,1.5479206,-1.0961411,2.4601822,-0.03202537,0.025972476,0.027488936
1755748445.1687293,1.9830235886829062,-1.7179850678204995,1.9524145,-0.25496998406542615,0.47087020419263326,-0.032883905,-0.084350586,2.1679688,1.5155424,-1.0706122,2.4876711,-0.032727133,0.025082434,0.027488936
1755748445.218886,1.9637645690725034,-1.6820186357362075,1.9628937,-0.35762128172638563,0.6901653286260374,0.17589279,-0.062042236,2.0859375,1.4824747,-1.0459826,2.51516,-0.03340417,0.024173439,0.027488936
1755748445.2685804,1.942501398309508,-1.6435048057052377,1.9709048,-0.45880214637328914,0.8283032353544771,0.23543517,0.0036907196,1.9619141,1.4487424,-1.0222714,2.542649,-0.03405597,0.023246175,0.027488936
1755748445.318538,1.9177871837507714,-1.5984811403065313,1.9807194,-0.5297844622076694,0.9404856228438464,0.07246792,0.034423828,1.8300781,1.4143713,-0.9994962,2.570138,-0.034682035,0.022301348,0.027488936
1755748445.3690026,1.8901665415777829,-1.5489497803706909,1.9902582,-0.5752288985179729,1.0221957117139207,0.20877343,0.12084961,1.84375,1.379387,-0.97767425,2.597627,-0.035281897,0.021339668,0.027488936
1755748445.4197698,1.8598287797804673,-1.4965815524392063,2.0014136,-0.6124498630119424,1.032734765282915,0.20880719,0.15917969,1.7529297,1.3438163,-0.95682216,2.6251159,-0.0358551,0.020361867,0.027488936
1755748445.4685695,1.8277424795100223,-1.4428146179488555,2.016271,-0.6519969630365868,1.0791784073505113,0.2705358,0.22753906,1.7207031,1.3076859,-0.9369557,2.6526048,-0.03640121,0.01936868,0.027488936
1755748445.5189953,1.7945040654755973,-1.388692909472095,2.0333366,-0.6865119309043347,1.0704032668601526,0.5509374,0.25097656,1.6601562,1.2710232,-0.91808975,2.6800938,-0.036919814,0.018360859,0.027488936
1755748445.5690007,1.7587573055034342,-1.3367013690704204,2.0645206,-0.7197815270472399,1.015124163999687,0.8499254,0.2084961,1.6933594,1.2338556,-0.9002385,2.7075827,-0.037410524,0.017339163,0.027488936
1755748445.6181655,1.7276349515287652,-1.2979727701604644,2.1004734,-0.7921208705858964,0.9488969066478269,1.1504791,0.055755615,1.7382812,1.1962115,-0.8834157,2.7350717,-0.037872963,0.016304364,0.027488936
1755748445.6681616,1.6785447332971142,-1.2440099763212593,2.16537,-0.8385526853227805,0.8671956695641175,1.1245459,0.013771057,1.7568359,1.1581192,-0.86763406,2.7625606,-0.038306788,0.015257249,0.027488936
1755748445.7192585,1.6360223144650798,-1.2041499215741487,2.215957,-0.8488033720547647,0.7873390932878293,1.0062985,0.013252258,1.7773438,1.1196077,-0.85290515,2.7900493,-0.038711667,0.014198608,0.027488936
1755748445.7680829,1.593416222139596,-1.166439605307755,2.2600236,-0.8620888297988842,0.7238913439242379,0.7802912,0.0015296936,1.7880859,1.0807058,-0.83924043,2.8175383,-0.0390873,0.013129236,0.027488936
1755748445.8183832,1.552175822924047,-1.1326000776259102,2.3006985,-0.7928824836007284,0.6599860080572174,0.7535878,0.020217896,1.7353516,1.0414429,-0.82665,2.8450272,-0.039433394,0.012049942,0.027488936
1755748445.868292,1.519664503250938,-1.1082522011803464,2.326569,-0.8083973833793054,0.5964767586841809,0.667928,0.040618896,1.7109375,1.0018488,-0.8151436,2.8725162,-0.039749697,0.010961544,0.027488936
1755748445.9181921,1.4735705292048469,-1.0746159021561117,2.3668623,-0.7602510441969041,0.5290365207986176,0.5549038,0.030700684,1.6835938,0.96195346,-0.8047297,2.900005,-0.040035963,0.009864862,0.027488936
1755748445.968232,1.4363135942862635,-1.0500932177749935,2.3978531,-0.7266370380611733,0.4702168785278024,0.5951939,0.0005784035,1.6376953,0.92178696,-0.79541624,2.927494,-0.040291976,0.008760728,0.027488936
1755748446.0181239,1.400189642537996,-1.0281110246600385,2.4300354,-0.7127621526433828,0.4229286759274632,0.741053,0.011497498,1.5859375,0.8813796,-0.78721035,2.954983,-0.040517546,0.007649973,0.027488936
1755748446.0700462,1.3651582936471962,-1.0074111070809575,2.458972,-0.7084139554762848,0.40282072481004927,0.5846656,-0.038391113,1.6865234,0.840762,-0.7801182,2.982472,-0.0407125,0.0065334383,0.027488936
1755748446.1187131,1.3375380700685335,-0.9923441931571139,2.4805121,-0.6964933670845128,0.35969437519061775,0.4175874,-0.056427002,1.7167969,0.79996485,-0.7741451,3.009961,-0.040876698,0.005411967,0.027488936
1755748446.1685948,1.2968909024303341,-0.9715449910950363,2.511686,-0.6701051732189508,0.34827337263854524,0.3737024,-0.04324341,1.6923828,0.7590189,-0.7692957,3.0374498,-0.041010004,0.0042864066,0.027488936
1755748446.2183518,1.2635393490405005,-0.9544343175902825,2.5303147,-0.6575353660034066,0.3436312000977802,0.40222296,0.009124756,1.6542969,0.7179553,-0.7655735,3.0649388,-0.041112326,0.0031576126,0.027488936
1755748446.2687957,1.2298508380439093,-0.936822919498585,2.546909,-0.6937335074878871,0.34320621452654493,0.3411208,0.08856201,1.6132812,0.6768048,-0.7629813,3.0924277,-0.04118358,0.0020264273,0.027488936
1755748446.3182063,1.1947401652797924,-0.9198944006376789,2.5637028,-0.7237678218466626,0.34843258265442106,0.2904894,0.088012695,1.6191406,0.6355985,-0.7615211,3.1199167,-0.04122372,0.0008937111,0.027488936
1755748446.3698697,1.1656048433298685,-0.9063080757736879,2.578822,-0.7236083447567617,0.33828810812547533,0.43404365,0.06732178,1.6210938,0.5943677,-0.761194,-3.1357799,-0.04123271,-0.00023968052,0.027488936
1755748446.4184654,1.1206221856918182,-0.8859129508032103,2.602333,-0.7620908304670179,0.34038244397052686,0.4485595,0.07861328,1.65625,0.55314344,-0.7620003,-3.108291,-0.041210543,-0.001372891,0.027488936
1755748446.4690177,1.0816777741249084,-0.8691218586029866,2.6225877,-0.7915015098633966,0.3290591038607396,0.3515686,0.15917969,1.6025391,0.51195693,-0.7639395,-3.080802,-0.04115724,-0.002505064,0.027488936
1755748446.518853,1.041034068336597,-0.8530225881144751,2.641222,-0.8199395307029125,0.3154271637474754,0.40673813,0.17053223,1.6044922,0.4708393,-0.76700985,-3.053313,-0.041072838,-0.0036353443,0.027488936
1755748446.5685587,0.9988846034742156,-0.8373931520479768,2.6591196,-0.8550246916624353,0.30506315752255264,0.41649592,0.19592285,1.6289062,0.42982155,-0.77120924,-3.025824,-0.0409574,-0.0047628777,0.027488936
1755748446.6184263,0.9643996339655906,-0.82526358647902,2.675599,-0.8665814209764908,0.313449985610245,0.46792597,0.20239258,1.6123047,0.38893476,-0.77653444,-2.9983351,-0.040811017,-0.0058868127,0.027488936
1755748446.6681204,0.9203789012183619,-0.8110381392356303,2.7000992,-0.9005901447027111,0.25859731994936347,0.49865454,0.20385742,1.5693359,0.3482098,-0.7829814,-2.9708462,-0.040633798,-0.007006299,0.027488936
1755748446.7182,0.8657581461851279,-0.7955623241056864,2.7334237,-0.9103599644435939,0.2450095268595468,0.59013855,0.19018555,1.6435547,0.3076774,-0.7905452,-2.9433572,-0.040425874,-0.008120492,0.027488936
1755748446.7684915,0.8195765098770599,-0.78428724133176,2.7613842,-0.9170517460476326,0.2178566032112157,0.5873004,0.2175293,1.6787109,0.26736838,-0.7992203,-2.9158685,-0.040187407,-0.009228543,0.027488936
1755748446.818471,0.7729347770786541,-0.7735814528388342,2.7920685,-0.9389682434003133,0.1934021810412068,0.51840216,0.21691895,1.5644531,0.22731283,-0.809,-2.8883796,-0.039918575,-0.010329627,0.027488936
1755748446.8680897,0.7353263713433269,-0.7667714020423814,2.8149126,-0.9621384453789499,0.15775474225610597,0.630429,0.22070312,1.5585938,0.18754125,-0.819877,-2.8608906,-0.039619576,-0.011422906,0.027488936
1755748446.918415,0.6881378094172813,-0.7598373916825711,2.8453147,-0.9422468731700553,0.12684024745190248,0.6016032,0.23486328,1.5048828,0.14808345,-0.831843,-2.8334014,-0.039290644,-0.012507559,0.027488936
1755748446.9681547,0.6315551471369694,-0.7531109653730033,2.8831015,-0.9358672459157679,0.09534988638797005,0.66688865,0.2310791,1.5087891,0.10896966,-0.8448889,-2.8059125,-0.038932025,-0.013582756,0.027488936
1755748447.0184493,0.5847161052117087,-0.7496172069930991,2.9195185,-0.9361076908374856,0.05087330446564311,0.7460552,0.2076416,1.6181641,0.07022953,-0.859005,-2.7784238,-0.03854399,-0.01464768,0.027488936
1755748447.0683239,0.5473305210622301,-0.7484900730739364,2.9468179,-0.9225780679941531,0.022841588098278045,0.74873084,0.21057129,1.6855469,0.031891704,-0.87418056,-2.7509348,-0.03812683,-0.015701547,0.027488936
1755748447.1186273,0.4917124119188295,-0.7479463434812793,2.9900012,-0.9232541271255913,-0.003536602793099737,0.7471012,0.24084473,1.6396484,-0.006014526,-0.8904042,-2.723446,-0.03768086,-0.01674355,0.027488936
1755748447.1685104,0.4459192104009993,-0.7489985923695391,3.0246964,-0.904217051007254,-0.035560226935630185,0.70533586,0.22473145,1.6337891,-0.043460548,-0.90766346,-2.695957,-0.03720642,-0.0177729,0.027488936
1755748447.218459,0.4007389029262388,-0.7523568789346725,3.0592334,-0.9165913418839656,-0.09206803157006112,0.70811665,0.21911621,1.5859375,-0.08041805,-0.9259455,-2.668468,-0.036703866,-0.018788822,0.027488936
1755748447.268824,0.35571426577938925,-0.7576809459975424,3.0938954,-0.887624841338893,-0.10673823812222082,0.74733746,0.2043457,1.5527344,-0.11685908,-0.94523644,-2.640979,-0.036173582,-0.019790549,0.027488936
1755748447.3204331,0.3112782688096696,-0.7633550758698127,3.1302679,-0.8929798619513517,-0.12877191281029432,0.5904144,0.1965332,1.625,-0.15275621,-0.9655216,-2.61349,-0.035615962,-0.02077732,0.027488936
1755748447.368607,0.2669829703073453,-0.7711049976912141,-3.1171725,-0.8716520045419068,-0.16688066409752808,0.73585445,0.17858887,1.5644531,-0.1880821,-0.98678577,-2.5860012,-0.035031434,-0.021748394,0.027488936
1755748447.4192028,0.23173068922675857,-0.7783936102092186,-3.0888765,-0.8942703962858924,-0.19256562588373885,0.6206245,0.21118164,1.5478516,-0.22281021,-1.0090129,-2.5585122,-0.03442043,-0.022703031,0.027488936
1755748447.468615,0.17962130561171213,-0.7910075389357235,-3.0479863,-0.8738812562406106,-0.22679433323491657,0.59243375,0.18676758,1.5732422,-0.25691432,-1.0321862,-2.5310233,-0.033783425,-0.023640517,0.027488936
1755748447.5185952,0.13620620548597612,-0.8027268314152934,-3.0122104,-0.8513484191711769,-0.25000671826780413,0.78581625,0.19360352,1.5839844,-0.29036862,-1.056288,-2.5035343,-0.03312089,-0.02456014,0.027488936
1755748447.5697896,0.09325399691528778,-0.816100087997193,-2.9788513,-0.853787358741094,-0.27755771022702813,0.6080358,0.21606445,1.546875,-0.32314777,-1.0813003,-2.4760454,-0.032433327,-0.025461206,0.027488936
1755748447.6181688,0.05089312578652519,-0.8314632187660905,-2.9477139,-0.8532622668384006,-0.32695772349316243,0.58157176,0.18676758,1.5214844,-0.3552271,-1.1072041,-2.4485564,-0.03172126,-0.02634303,0.027488936
1755748447.6682065,0.008591703901983922,-0.8480564253233575,-2.9136443,-0.8447615977412652,-0.3321701460997326,0.7450091,0.21240234,1.5019531,-0.38658231,-1.1339797,-2.4210677,-0.030985229,-0.027204953,0.027488936
1755748447.7182972,-0.024720306708528823,-0.8622713883333015,-2.8885117,-0.8221324873043014,-0.3689253564443039,0.6245707,0.19897461,1.4511719,-0.41718984,-1.1616071,-2.3935785,-0.030225778,-0.02804632,0.027488936
1755748447.7683654,-0.0745757116669274,-0.8846930301136462,-2.8478138,-0.8269833760704451,-0.38597304337026905,0.60265714,0.19128418,1.4404297,-0.44702637,-1.1900653,-2.3660896,-0.029443495,-0.028866494,0.027488936
1755748447.8183608,-0.10743328010959739,-0.9013614803199977,-2.820033,-0.8143807980537455,-0.4271427185235532,0.60950965,0.2232666,1.3837891,-0.47606933,-1.2193328,-2.3386006,-0.02863896,-0.029664855,0.027488936
1755748447.8680727,-0.15565623304430715,-0.9276517182914681,-2.7807863,-0.7887984489343782,-0.45893395790204977,0.69099,0.23339844,1.3076172,-0.504297,-1.2493875,-2.3111117,-0.02781279,-0.030440805,0.027488936
1755748447.9183583,-0.1949105786866712,-0.950962789662396,-2.7478514,-0.7668600558416331,-0.4668602610391472,0.7121856,0.24255371,1.2392578,-0.531688,-1.2802067,-2.2836227,-0.026965601,-0.031193752,0.027488936
1755748447.9694643,-0.23339032578044377,-0.9758426090141905,-2.7127304,-0.7821403426694474,-0.5202320912558316,0.69430864,0.24377441,1.2333984,-0.55822146,-1.3117672,-2.2561338,-0.026098037,-0.03192313,0.027488936
1755748448.0184205,-0.2707148846180798,-1.0024870776829529,-2.678337,-0.7344641981213014,-0.5612503861453747,0.65864456,0.21362305,1.1865234,-0.58387744,-1.344045,-2.2286448,-0.025210755,-0.032628387,0.027488936
1755748448.0681422,-0.3071588953987027,-1.0296234724904725,-2.64188,-0.7231057206878213,-0.546242016907898,0.73644036,0.22814941,1.0830078,-0.6086366,-1.3770158,-2.201156,-0.024304423,-0.03330899,0.027488936
1755748448.1181664,-0.33625794551669036,-1.0517229775213675,-2.612433,-0.7194683311778169,-0.5584136770185755,0.72087103,0.24145508,1.0546875,-0.63248,-1.4106543,-2.1736672,-0.023379736,-0.033964418,0.027488936
1755748448.1682193,-0.3709628198396694,-1.0813878244473798,-2.577092,-0.681279752277818,-0.6060530508676667,0.63604486,0.2331543,1.0791016,-0.65539,-1.4449358,-2.1461782,-0.022437377,-0.03459419,0.027488936
1755748448.2181447,-0.4101145264113832,-1.1189901413684573,-2.53053,-0.6564888500364296,-0.6211280120021736,0.56042546,0.22839355,1.0205078,-0.6773491,-1.479834,-2.1186893,-0.02147806,-0.03519782,0.027488936
1755748448.2682157,-0.44172912991249597,-1.1514196963162897,-2.495467,-0.6250898391141514,-0.6592788057244354,0.7094912,0.2084961,1.0244141,-0.6983408,-1.5153227,-2.0912004,-0.020502517,-0.03577486,0.027488936
1755748448.31824,-0.4724517283357944,-1.1842999737098072,-2.46063,-0.6120088588095873,-0.665680982654857,0.7015233,0.2265625,1.0117188,-0.718349,-1.5513748,-2.0637114,-0.01951148,-0.036324866,0.027488936
1755748448.3681316,-0.5019280266915978,-1.2186847147801327,-2.427857,-0.591006179580792,-0.7195653332241788,0.63247555,0.18481445,1.0117188,-0.7373587,-1.5879633,-2.0362225,-0.018505702,-0.036847424,0.027488936
1755748448.4180768,-0.5298172338896785,-1.2540169277288657,-2.393551,-0.5591562978850048,-0.7045736369215605,0.7909607,0.21789551,0.9267578,-0.7553557,-1.6250604,-2.0087335,-0.01748594,-0.037342142,0.027488936
1755748448.4682353,-0.5579772837964131,-1.2897919062874712,-2.3556643,-0.5396664531162264,-0.7254997582287853,0.7208061,0.21594238,0.96435547,-0.77232623,-1.6626382,-1.9812446,-0.016452968,-0.037808646,0.027488936
1755748448.518273,-0.5782219937861279,-1.3195983493719923,-2.329792,-0.4931429631331276,-0.7479993684955539,0.6662924,0.17272949,1.0839844,-0.7882575,-1.7006682,-1.9537556,-0.015407563,-0.038246576,0.027488936
1755748448.569324,-0.607732555878559,-1.36461869631495,-2.2896671,-0.46774456302434986,-0.7468897537276628,0.6748,0.16479492,1.1708984,-0.80313754,-1.7391217,-1.9262667,-0.014350518,-0.038655613,0.027488936
1755748448.6185393,-0.630800598849975,-1.4032056668576116,-2.2561045,-0.45304404921961133,-0.7667483695061068,0.6826511,0.14990234,1.2138672,-0.816955,-1.7779697,-1.8987777,-0.013282627,-0.03903544,0.027488936
1755748448.66877,-0.6532566620618039,-1.44209485501555,-2.224029,-0.4473966031217116,-0.7818651559327151,0.6292189,0.15612793,1.2714844,-0.8296994,-1.8171828,-1.8712888,-0.012204701,-0.03938577,0.027488936
1755748448.7183075,-0.6704856843055371,-1.4734581354360523,-2.200223,-0.4257219077176464,-0.7904736852503449,0.5619929,0.16015625,1.3056641,-0.8413613,-1.8567314,-1.8437998,-0.011117553,-0.039706346,0.027488936
1755748448.7682452,-0.6908490077831727,-1.513376076867112,-2.1696622,-0.4021699716970488,-0.7954878698383212,0.48536637,0.13586426,1.2822266,-0.8519317,-1.8965855,-1.8163109,-0.010022004,-0.039996915,0.027488936
1755748448.8181376,-0.713673502768571,-1.5625596834344813,-2.133156,-0.3716557636181127,-0.8165581040817895,0.6474623,0.13256836,1.2177734,-0.86140275,-1.9367151,-1.7888219,-0.008918883,-0.040257264,0.027488936
1755748448.8681817,-0.7318014609868093,-1.6039330967119125,-2.103962,-0.36312915132163015,-0.8294416737335877,0.55951816,0.12841797,1.1416016,-0.8697673,-1.9770899,-1.761333,-0.007809024,-0.040487193,0.027488936
1755748448.9182348,-0.7451938002625431,-1.6378030965465011,-2.0810945,-0.3167648737841461,-0.8426660321216776,0.689146,0.13354492,1.0869141,-0.8770188,-2.0176795,-1.733844,-0.0066932635,-0.040686533,0.027488936
1755748448.9681993,-0.7636414291829566,-1.688447326744983,-2.044054,-0.2989183983758062,-0.8530224338759617,0.55507743,0.13977051,1.0185547,-0.8831521,-2.0584528,-1.7063551,-0.005572446,-0.04085513,0.027488936
1755748449.0180547,-0.7749490475296564,-1.722783079395974,-2.0204315,-0.2748059018959507,-0.8566810142864049,0.59345263,0.11383057,1.0166016,-0.8881624,-2.0993793,-1.6788661,-0.0044474173,-0.040992856,0.027488936
1755748449.0684655,-0.7902842511872211,-1.7747189563658283,-1.9872007,-0.24127170751347488,-0.852275751990337,0.50978816,0.1161499,1.0976562,-0.89204586,-2.1404283,-1.6513772,-0.0033190285,-0.041099608,0.027488936
1755748449.1184103,-0.7998777012181235,-1.8093882600116242,-1.9625065,-0.23430472605784486,-0.8916058153739252,0.65771633,0.1048584,1.0107422,-0.8947996,-2.1815681,-1.6238883,-0.0021881324,-0.041175306,0.027488936
1755748449.1682336,-0.8122181666699521,-1.8616992180221315,-1.927747,-0.19173295655715272,-0.876940877826143,0.64585626,0.105407715,0.97216797,-0.89642155,-2.222768,-1.5963995,-0.0010555921,-0.04121989,0.027488936
1755748449.2185597,-0.8213358949967311,-1.9054246778070065,-1.9006085,-0.1747857326004166,-0.8923441732044795,0.5765583,0.075927734,1.0292969,-0.89691055,-2.2639973,-1.5689106,7.775543e-05,-0.04123333,0.027488936
1755748449.26828,-0.8275325399886774,-1.9400380422626724,-1.8771951,-0.1485264595451716,-0.8772634641871899,0.5726132,0.046020508,1.0351562,-0.8962661,-2.3052244,-1.5414217,0.0012110441,-0.041215617,0.027488936
1755748449.3181486,-0.8355347746523428,-1.9921074667264966,-1.8402319,-0.1275314214541799,-0.8628373526937444,0.7402477,0.043273926,1.0546875,-0.8944887,-2.3464181,-1.5139327,0.0023434178,-0.04116676,0.027488936
1755748449.368253,-0.840134419041692,-2.0360027684629083,-1.8116143,-0.09032024128089026,-0.8701614408692379,0.53333807,0.006126404,1.1533203,-0.89157975,-2.3875475,-1.4864438,0.003474021,-0.041086797,0.027488936
1755748449.418572,-0.8441149393125678,-2.079657058501012,-1.779483,-0.07370972404216743,-0.8926236117134961,0.5602039,0.007537842,1.1826172,-0.88754153,-2.4285815,-1.4589548,0.004601999,-0.04097579,0.027488936
1755748449.4685566,-0.8470500751767726,-2.123604118021375,-1.7494094,-0.0690917973643454,-0.8900471506808295,0.44766954,-0.02003479,1.2988281,-0.8823769,-2.4694889,-1.4314659,0.0057264995,-0.04083382,0.027488936
1755748449.5186553,-0.8482419153804671,-2.1674915991024464,-1.7240076,-0.004273104570845473,-0.8901039694831386,0.4100187,-0.028793335,1.2929688,-0.87609005,-2.510239,-1.4039769,0.006846674,-0.040661,0.027488936
1755748449.5686045,-0.8484232860017475,-2.2118046563291838,-1.6972266,0.00425844096563002,-0.8832451578284074,0.5834697,-0.11340332,1.5078125,-0.86868536,-2.5508008,-1.376488,0.007961675,-0.040457454,0.027488936
1755748449.618218,-0.8484933507437719,-2.2468220115046407,-1.6804948,-0.006014850318886257,-0.879493320125947,0.44325083,-0.062561035,1.5322266,-0.8601686,-2.5911436,-1.348999,0.009070659,-0.040223338,0.027488936
1755748449.668087,-0.8482292477227996,-2.2908735294237905,-1.6551374,0.009348621635446714,-0.8801346142450229,0.6320084,-0.026229858,1.5751953,-0.85054624,-2.6312373,-1.3215101,0.01017279,-0.039958827,0.027488936
1755748449.718198,-0.8495206750205271,-2.3437795739683023,-1.6469027,-0.04574390077707737,-0.8951927549533556,0.37649575,0.008140564,1.640625,-0.83982563,-2.6710513,-1.2940211,0.0112672355,-0.03966413,0.027488936
1755748449.7681246,-0.8506925585835123,-2.3879475750009167,-1.6402469,-0.013748566644971452,-0.889608874363163,0.1889683,0.07513428,1.6904297,-0.8280146,-2.7105556,-1.2665322,0.012353166,-0.039339457,0.027488936
1755748449.8181524,-0.8508382571130799,-2.423335968520009,-1.6365714,0.004981489300967891,-0.8792525435209986,0.121433295,0.115234375,1.6806641,-0.8151225,-2.7497203,-1.2390432,0.013429763,-0.038985066,0.027488936
1755748449.8682582,-0.8512540455974874,-2.476486369956593,-1.6261073,0.0005980973212493782,-0.8921440334179171,0.19299757,0.20007324,1.6953125,-0.80115855,-2.7885158,-1.2115543,0.014496213,-0.038601212,0.027488936
1755748449.9181821,-0.8505742918614239,-2.520795522171057,-1.621395,0.03169462937665028,-0.8834877288269709,0.17553242,0.27270508,1.7207031,-0.78613365,-2.8269129,-1.1840653,0.01555171,-0.038188193,0.027488936
1755748449.9682243,-0.8493003493771679,-2.5649687752013643,-1.6094484,0.026679289569937197,-0.8767101366682564,0.27950922,0.34033203,1.6533203,-0.770059,-2.8648827,-1.1565764,0.016595455,-0.037746318,0.027488936
1755748450.0180607,-0.8457055418606753,-2.60915375394684,-1.5811825,0.0952685162431245,-0.8831471603776181,0.81527555,0.36132812,1.6328125,-0.75294685,-2.9023962,-1.1290874,0.01762666,-0.037275925,0.027488936
1755748450.0681741,-0.8374389429744855,-2.6522437205997123,-1.5372812,0.19468881717001466,-0.8481009104967488,0.9411077,0.35083008,1.671875,-0.7348101,-2.9394252,-1.1015985,0.018644549,-0.036777366,0.027488936
1755748450.1183186,-0.8250135296655526,-2.6949546188068414,-1.484798,0.2883301537140151,-0.8307925843053549,1.0098166,0.3466797,1.6611328,-0.7156625,-2.9759417,-1.0741096,0.019648349,-0.036251016,0.027488936
1755748450.1683633,-0.8100407994040161,-2.736226114564341,-1.4265019,0.30121827849368576,-0.8119044052968303,1.0491899,0.29541016,1.5664062,-0.6955184,-3.011918,-1.0466206,0.0206373,-0.035697278,0.027488936
1755748450.2195652,-0.7926434718932349,-2.7772421203273856,-1.3668154,0.3667915159817637,-0.8102792715251368,1.1676458,0.23327637,1.4619141,-0.6743933,-3.0473268,-1.019132,0.021610651,-0.03511657,0.027488936
1755748450.268207,-0.7728751385252435,-2.8167148923061065,-1.3097231,0.40793250678498333,-0.7791955761088171,1.1714509,0.18884277,1.4462891,-0.6523026,-3.0821419,-0.991643,0.022567684,-0.034509324,0.027488936
1755748450.3184268,-0.7511201758925984,-2.8553292049879815,-1.2551537,0.44751395010083467,-0.7623269496751683,1.0165311,0.14453125,1.421875,-0.6292635,-3.1163368,-0.96415406,0.023507664,-0.033876,0.027488936
1755748450.368197,-0.7278340367624477,-2.8933068698718816,-1.2081525,0.4714639239932497,-0.7544002875474958,1.0011755,0.057495117,1.4248047,-0.6052933,-3.1498857,-0.9366651,0.024429882,-0.033217084,0.027488936
1755748450.4181805,-0.7030430508012945,-2.930606658200275,-1.1563647,0.4866082501221939,-0.7445393383780254,1.006278,0.048065186,1.3085938,-0.5804099,-3.1827626,-0.9091761,0.025333641,-0.03253307,0.027488936
1755748450.4684463,-0.6819402163596097,-2.959315393384336,-1.1184269,0.5511711279137917,-0.716087199062539,0.94638664,-0.010932922,1.2626953,-0.5546323,-3.2149434,-0.8816872,0.026218256,-0.03182447,0.027488936
1755748450.5182445,-0.6542601962602993,-2.993992263250608,-1.0808119,0.5656743132541384,-0.7032509583908261,0.5666484,-0.07611084,1.4160156,-0.52797997,-3.2464037,-0.8541983,0.02708306,-0.031091824,0.027488936
1755748450.568138,-0.6205752752713489,-3.0346389742261515,-1.034373,0.5748344232433851,-0.6676620582561663,0.6425117,-0.061523438,1.3867188,-0.5004728,-3.2771196,-0.8267091,0.027927412,-0.03033568,0.027488936
1755748450.6183896,-0.5927259921468394,-3.068125224221354,-1.010572,0.5253870571677752,-0.6796592679101818,0.22113378,-0.070617676,1.4150391,-0.4721322,-3.3070674,-0.7992204,0.028750643,-0.029556628,0.027488936
1755748450.6681654,-0.5721464822879521,-3.0964008530424936,-0.99745023,0.5189579330233203,-0.6954493144481793,0.48660088,-0.07043457,1.4355469,-0.44297874,-3.3362255,-0.77173114,0.029552167,-0.028755229,0.027488936
1755748450.7181475,-0.5393028923596589,-3.1363794025749896,-0.97947955,0.5501181435733424,-0.6593440603865762,0.30788195,-0.09991455,1.5654297,-0.41303527,-3.3645706,-0.7442425,0.030331347,-0.027932119,0.027488936
1755748450.7681167,-0.5122693741460934,-3.1701120765516375,-0.9623679,0.5473029234802043,-0.6773551019884342,0.4118093,-0.05331421,1.5791016,-0.3823241,-3.3920822,-0.7167537,0.031087609,-0.027087899,0.027488936
1755748450.8180604,-0.48426693327000553,-3.202601178501932,-0.9467084,0.5836069506984964,-0.629683503038779,0.3536472,-0.0154953,1.5947266,-0.35086763,-3.4187398,-0.68926436,0.0318204,-0.026223194,0.027488936
1755748450.8682272,-0.45553989035996495,-3.234547775521316,-0.93144476,0.577500125654338,-0.6099848156776447,0.47292,0.006904602,1.5751953,-0.31869102,-3.4445224,-0.6617756,0.03252913,-0.025338694,0.027488936
1755748450.9180107,-0.4263804913561641,-3.2655713400203097,-0.91636324,0.592529911661758,-0.6166205081568351,0.44119883,0.04534912,1.4560547,-0.2858181,-3.4694104,-0.6342869,0.03321328,-0.02443505,0.027488936
1755748450.9681408,-0.39685591544506293,-3.2963830950713233,-0.89913636,0.6110941262324789,-0.6061345333649383,0.6128916,0.06384277,1.4023438,-0.25227338,-3.4933858,-0.6067981,0.03387234,-0.023512943,0.027488936
1755748451.0180147,-0.3674464474472815,-3.3275147412110737,-0.88746274,0.6035128282008966,-0.6062335889668895,0.20874457,0.11456299,1.3642578,-0.2180813,-3.5164309,-0.5793085,0.03450582,-0.022573039,0.027488936
1755748451.0684912,-0.3367481621898687,-3.357305449318697,-0.87205696,0.6277244460173679,-0.5970279721475846,0.44283482,0.14331055,1.3681641,-0.18326986,-3.5385265,-0.5518198,0.03511321,-0.02161611,0.027488936
1755748451.118478,-0.30561066257208847,-3.3864409377814377,-0.8454985,0.6159470010054934,-0.5902835855236925,0.23201242,0.17565918,1.3007812,-0.14786428,-3.5596573,-0.5243311,0.03569407,-0.020642849,0.027488936
1755748451.168252,-0.27418722791014444,-3.4150133239245557,-0.83450747,0.6368463007727452,-0.521754398651897,-0.052682836,0.2019043,1.1835938,-0.11189127,-3.5798068,-0.49684238,0.036247957,-0.019653989,0.027488936
1755748451.2181158,-0.24178875064896896,-3.443470662173291,-0.81581926,0.6568226690100032,-0.5540386886907934,0.34692374,0.22143555,1.1728516,-0.07537681,-3.5989606,-0.46935275,0.036774475,-0.018650245,0.027488936
1755748451.2682786,-0.20826664823393837,-3.4703777745855917,-0.7961618,0.6994513101547393,-0.5285186979920029,0.4998442,0.24206543,1.1914062,-0.03835094,-3.617103,-0.44186395,0.03727319,-0.017632442,0.027488936
1755748451.3179243,-0.17385498501118124,-3.4960976058139637,-0.7611604,0.6984442740934113,-0.5104378420982165,0.5920955,0.27319336,1.1611328,-0.0008404255,-3.6342206,-0.4143753,0.03774374,-0.016601318,0.027488936
1755748451.3682485,-0.1381266504826823,-3.5208071978434994,-0.72978795,0.7103940235592131,-0.4810150169349797,0.43161267,0.2685547,1.2080078,0.037126362,-3.650301,-0.38688663,0.03818577,-0.015557651,0.027488936
1755748451.418117,-0.10102437355787196,-3.542965214082872,-0.68914336,0.7586954324402682,-0.42074237281341914,0.7791454,0.29003906,1.125,0.075522184,-3.6653323,-0.35939693,0.038598966,-0.014502191,0.027488936
1755748451.468456,-0.06247088984713171,-3.563101971548133,-0.6451667,0.7886543460481202,-0.3905900461150996,0.87869567,0.2775879,1.0722656,0.1143153,-3.6793022,-0.33190823,0.03898298,-0.01343581,0.027488936
1755748451.5184803,-0.022427462912123306,-3.5810709560481992,-0.59695286,0.7963236336998003,-0.354230172029872,1.0690316,0.28027344,0.9536133,0.1534777,-3.6922004,-0.30441952,0.03933754,-0.012359277,0.027488936
1755748451.5688071,0.018392983196601553,-3.597316281749834,-0.54732674,0.8444800524591476,-0.2984080763873121,0.9176273,0.27563477,0.9121094,0.19297981,-3.7040174,-0.2769308,0.039662376,-0.011273406,0.027488936
1755748451.6179767,0.05193208996109794,-3.6081827066922156,-0.51264834,0.8468990536060554,-0.2559093006674304,0.7860221,0.26000977,0.82470703,0.23279318,-3.7147446,-0.24944113,0.039957255,-0.010178979,0.027488936
1755748451.667959,0.10291111390423396,-3.622077251883922,-0.45125675,0.8745956618671266,-0.2180755479608698,1.0340842,0.27490234,0.6616211,0.27288496,-3.7243729,-0.22195242,0.04022193,-0.009076898,0.027488936
1755748451.7181544,0.1371723235517904,-3.62981486985586,-0.4144271,0.8491416935968827,-0.1803044082285793,1.084772,0.28320312,0.4892578,0.31322625,-3.7328959,-0.19446371,0.040456217,-0.007967959,0.027488936
1755748451.7683573,0.18736623449272938,-3.63897426100627,-0.35808226,0.807827767399962,-0.13142109469132346,0.7913091,0.2902832,0.32861328,0.35378653,-3.7403069,-0.16697499,0.040659934,-0.006853,0.027488936
1755748451.8182993,0.2256450411836817,-3.64349001382002,-0.31888092,0.7175384015583437,-0.06776435717187683,0.52745074,0.31567383,0.113708496,0.39453518,-3.7466002,-0.13948631,0.04083293,-0.0057328627,0.027488936
1755748451.8689108,0.25331704884887035,-3.645222516042321,-0.2899068,0.6612956428748712,-0.014992245993067213,0.7050959,0.34301758,0.006702423,0.43544286,-3.7517712,-0.111996636,0.040975075,-0.0046083545,0.027488936
1755748451.9179983,0.2888767887732721,-3.644906502266407,-0.25504234,0.5415689727341727,0.026140062825423974,0.540765,0.34448242,-0.11407471,0.47647578,-3.7558157,-0.08450793,0.041086257,-0.0034804035,0.027488936
1755748451.9681282,0.3131807660468032,-3.6439586122401133,-0.21455082,0.4990894487719517,0.01550683349716104,1.7548829,0.29370117,-0.27172852,0.51760435,-3.758731,-0.057019226,0.041166395,-0.002349823,0.027488936
1755748452.0179422,0.333204509433742,-3.6419319904742107,-0.18445359,0.3763391046652915,0.026566680699672825,0.6876097,0.21166992,-0.5463867,0.5587975,-3.7605147,-0.029530512,0.041215427,-0.0012174667,0.027488936
1755748452.0680435,0.3499460031132007,-3.6402686111493607,-0.15959226,0.3032830934240974,0.03566112711352697,0.5332567,0.06213379,-0.42578125,0.60002553,-3.7611656,-0.0020408512,0.04123332,-8.415119e-05,0.027488936
1755748452.118032,0.3628845023442776,-3.6388539238340503,-0.13884571,0.23014651409566755,0.023724947605855383,0.5011014,-0.096069336,-0.17333984,0.6412545,-3.760683,0.025447858,0.041220054,0.0010491885,0.027488936
1755748452.1679053,0.3704454861299127,-3.6376140500483753,-0.12962198,0.09979507797038031,0.020463123541569865,0.19560024,-0.18920898,0.01386261,0.6824546,-3.7590675,0.05293657,0.041175645,0.0021817356,0.027488936
1755748452.2179801,0.3755344462235302,-3.636721870418694,-0.12302581,0.04750621740358223,0.006181508000697872,0.06965411,-0.21179199,0.09161377,0.7235947,-3.7563202,0.08042528,0.041100126,0.0033126343,0.027488936
1755748452.2680597,0.3791569391384422,-3.6368964981772134,-0.12411202,0.09299927266783632,-0.019782297612878398,-0.20427662,-0.22998047,0.25585938,0.7646452,-3.7524428,0.10791494,0.040993545,0.004441069,0.027488936
1755748452.3179963,0.38121870773585514,-3.637649941843576,-0.1257994,0.03529433450767651,-0.011441084520402132,-0.013417578,-0.26367188,0.55371094,0.8055723,-3.7474391,0.13540366,0.040855993,0.005566109,0.027488936
1755748452.3681972,0.3799959548336159,-3.637564580260233,-0.12736838,-0.05344997026149483,0.0003897526744964255,-0.023440473,-0.29125977,0.8496094,0.84634626,-3.7413123,0.16289234,0.040687572,0.0066869427,0.027488936
1755748452.4179819,0.3796622772292098,-3.6380685852272276,-0.13013183,0.02928504586815604,-0.01339772467903317,0.008026597,-0.30395508,1.1425781,0.8869365,-3.734067,0.19038107,0.04048841,0.007802725,0.027488936
1755748452.4683547,0.38305092799086665,-3.638229954178886,-0.13232398,0.12186695114685277,-0.002643788240055023,-0.15090878,-0.27124023,1.4589844,0.92731357,-3.7257085,0.21787073,0.040258642,0.008912649,0.027488936
1755748452.518081,0.39387336883289004,-3.639430936825432,-0.13710475,0.28273741625463594,-0.02916250469160971,-0.18581009,-0.23791504,1.65625,0.9674443,-3.7162437,0.24535942,0.039998468,0.010015801,0.027488936
1755748452.5681083,0.4127051828429491,-3.641939995350644,-0.14539348,0.44190019663778496,-0.06077050957698654,-0.11164088,-0.20019531,1.8232422,1.0072998,-3.7056797,0.2728481,0.03970807,0.011111383,0.027488936
1755748452.6180964,0.44031878897488475,-3.64597153883542,-0.15630674,0.6331604618857277,-0.08405659725419352,-0.18969968,-0.06689453,1.9121094,1.0468498,-3.694024,0.30033687,0.03938767,0.012198573,0.027488936
1755748452.6681817,0.4828477687719222,-3.652162090495245,-0.17365304,0.7694092875053834,-0.12390366738011767,-0.2410095,0.058929443,1.9248047,1.0860659,-3.6812854,0.32782653,0.039037496,0.013276582,0.027488936
1755748452.7181647,0.5249318587032458,-3.6594299354839226,-0.18701087,0.8628030857371466,-0.14232108172502086,-0.36162788,0.23059082,1.8398438,1.1249157,-3.667474,0.35531518,0.03865784,0.014344521,0.027488936
1755748452.7682645,0.5719241194059167,-3.6673982229867153,-0.20546816,1.0047076297131505,-0.17148888696219286,-0.29832268,0.36157227,1.6875,1.1633712,-3.6526003,0.3828039,0.03824897,0.015401621,0.027488936
1755748452.818038,0.6221383773642929,-3.6760904040584643,-0.21453756,1.0347888526231586,-0.18719336314664414,0.17543146,0.36157227,1.4980469,1.2014034,-3.636675,0.41029263,0.037811205,0.016447086,0.027488936
1755748452.868012,0.6646795710762882,-3.6812272451898242,-0.19779983,1.0796570225821611,-0.08852976142793562,0.6556609,0.23144531,1.578125,1.2389847,-3.61971,0.43778226,0.03734485,0.017480157,0.027488936
1755748452.9187586,0.7193517113262928,-3.681769790992398,-0.14988995,1.0804324532351721,0.03512055339283492,1.225382,0.048980713,1.8193359,1.2760843,-3.6017187,0.46527097,0.036850296,0.018499985,0.027488936
1755748452.9683073,0.7857016738591711,-3.6749990889130095,-0.065028176,1.1062638597194,0.14186468640000657,1.556721,-0.032196045,2.0097656,1.3126755,-3.5827148,0.49275967,0.0363279,0.019505836,0.027488936
1755748453.0179663,0.8396730249770186,-3.6642918378129723,0.0021712156,1.060846799740008,0.23435966497073424,1.3549705,-0.09954834,2.0976562,1.3487303,-3.5627122,0.5202484,0.03577805,0.02049695,0.027488936
1755748453.0685227,0.8918838646109494,-3.6501427023345907,0.06348729,1.0499486362543418,0.320120743123648,1.2719737,-0.13049316,2.1835938,1.3842219,-3.5417264,0.5477371,0.03520117,0.021472573,0.027488936
1755748453.1181085,0.9326467373291902,-3.638838285307031,0.096327715,0.9920250397219156,0.24819961154009604,0.48441282,-0.08666992,2.1328125,1.4191245,-3.519772,0.57522684,0.03459767,0.022432009,0.027488936
1755748453.1680815,0.9832445326230542,-3.627731524785336,0.11496881,0.9813595404371862,0.24522255688643582,0.31198797,-0.001906395,2.0996094,1.4534092,-3.4968677,0.6027155,0.03396805,0.023374459,0.027488936
1755748453.218291,1.0411309676275875,-3.6136809346528294,0.14045858,0.9277644268007207,0.24161544987404793,0.39044425,0.006629944,2.0742188,1.4870515,-3.4730296,0.63020414,0.033312768,0.024299247,0.027488936
1755748453.267952,1.0868488740263,-3.6007630641539325,0.16022967,0.8968744834413108,0.2696991787978859,0.3981716,0.019760132,2.0898438,1.5200258,-3.4482756,0.6576929,0.03263231,0.025205677,0.027488936
1755748453.3183427,1.1216544440069554,-3.5905305188400995,0.17696294,0.854626451558524,0.26503716616152284,0.5203338,-0.0021476746,2.1542969,1.5523084,-3.422624,0.6851826,0.031927172,0.026093094,0.027488936
1755748453.3680701,1.1631534728938548,-3.577404796833667,0.19747499,0.8071482335121858,0.25926214739834585,0.4164487,0.018600464,2.140625,1.5838727,-3.3960958,0.7126712,0.031197935,0.02696076,0.027488936
1755748453.4181378,1.2095129405697094,-3.5606463409140874,0.2196635,0.7355223182459237,0.2832089257904912,0.33523872,0.012451172,2.2246094,1.6146959,-3.3687098,0.74016,0.030445127,0.027808059,0.027488936
1755748453.4682412,1.2472296851966231,-3.5466903350291052,0.23722468,0.7305599378728597,0.2759360362182546,0.36872238,0.06097412,2.203125,1.6447548,-3.340487,0.7676487,0.02966931,0.028634345,0.027488936
1755748453.5182042,1.2837967290500534,-3.5330070497898083,0.25735325,0.7505225534337235,0.2675126712020913,0.54122716,0.11895752,2.2011719,1.6740276,-3.3114476,0.7951384,0.028871054,0.029439025,0.027488936
1755748453.5682623,1.3197721835197098,-3.518918987122385,0.27598515,0.7302955298845756,0.28903944066126036,0.39300436,0.11010742,2.2246094,1.7024902,-3.2816157,0.8226271,0.028051008,0.030221429,0.027488936
1755748453.6181066,1.3553547070142122,-3.503832896845623,0.29255432,0.696136244252532,0.3191795243934493,0.32334286,0.13671875,2.2363281,1.7301221,-3.2510128,0.8501159,0.027209764,0.030981,0.027488936
1755748453.668075,1.3910661694141937,-3.48803577257191,0.30815458,0.7172708446174024,0.33370136025587915,0.3261099,0.15808105,2.1738281,1.7569025,-3.2196622,0.87760454,0.026347967,0.031717163,0.027488936
1755748453.7181966,1.4262199349334244,-3.470927564692981,0.32594973,0.6949276848063765,0.3509111840328801,0.3521348,0.17382812,2.2128906,1.7828119,-3.187586,0.9050942,0.025466226,0.032429386,0.027488936
1755748453.7681391,1.4619773823753373,-3.452897238203712,0.34068868,0.6980414589375489,0.35662783432709483,0.15590607,0.15905762,2.3027344,1.8078289,-3.154811,0.93258286,0.024565278,0.03311708,0.027488936
1755748453.8181107,1.497665230809372,-3.4333870847224075,0.35773164,0.7375318407504757,0.40526261184865453,0.3003498,0.18920898,2.3085938,1.8319358,-3.1213608,0.9600717,0.023645764,0.03377975,0.027488936
1755748453.8682408,1.5338065073008345,-3.4125265781780127,0.37533104,0.7389838797581991,0.43020019486141836,0.39263728,0.1953125,2.3574219,1.8551141,-3.0872607,0.98756033,0.022708386,0.0344169,0.027488936
1755748453.9181168,1.5637256852674704,-3.395431702887061,0.39585927,0.7406569788488991,0.43307523130589004,0.4952838,0.19677734,2.3710938,1.8773472,-3.052535,1.0150499,0.021753818,0.035028063,0.027488936
1755748453.9682717,1.6084776455420802,-3.3684753545410433,0.4287257,0.7671426185556075,0.4758772762661458,0.6229699,0.16809082,2.3769531,1.8986167,-3.0172126,1.0425386,0.020782843,0.03561274,0.027488936
1755748454.0180638,1.6453761209352318,-3.3434742081027276,0.45531565,0.7421015243573118,0.5157157968571296,0.400683,0.13354492,2.4140625,1.9189073,-2.981319,1.0700274,0.019796167,0.036170505,0.027488936
1755748454.0681155,1.681656752087592,-3.316987931970601,0.48434836,0.73540950907353,0.5296490612706621,0.5107486,0.15124512,2.4199219,1.9382037,-2.9448814,1.0975162,0.018794533,0.036700945,0.027488936
1755748454.118124,1.7177455249068774,-3.2900525061565817,0.51549727,0.7083472503881119,0.5443542193090781,0.66444993,0.13903809,2.4042969,1.9564914,-2.907927,1.1250048,0.017778698,0.03720365,0.027488936
1755748454.1682837,1.7529830199239185,-3.2624225494343073,0.5431596,0.6878793557360179,0.5486943835469628,0.42088854,0.17932129,2.390625,1.9737569,-2.8704827,1.1524945,0.016749393,0.037678264,0.027488936
1755748454.2183468,1.787503426611237,-3.233086171529524,0.5651986,0.660848367341879,0.6312183316565323,0.608919,0.25927734,2.3730469,1.9899862,-2.8325794,1.1799831,0.01570747,0.03812439,0.027488936
1755748454.2686067,1.8214904747536353,-3.2034025238503814,0.59988046,0.6510442142015684,0.6655026686727464,1.1383986,0.22570801,2.3925781,2.0051675,-2.7942443,1.207472,0.014653677,0.038541712,0.027488936
1755748454.3182034,1.8546206436054826,-3.17306674407222,0.6315594,0.677573950742157,0.5955373691145317,0.54997224,0.20690918,2.3769531,2.0192895,-2.7555063,1.2349606,0.013588813,0.03892991,0.027488936
1755748454.3682687,1.8842578035503765,-3.138908073919921,0.67986757,0.5632695180172589,0.7018311203647452,1.168853,0.057922363,2.4335938,2.032342,-2.7163935,1.2624502,0.012513644,0.039288707,0.027488936
1755748454.4182181,1.9115984013189353,-3.103436703743728,0.71935415,0.5583724796504301,0.6885065846164748,0.56560826,-0.028335571,2.4179688,2.044314,-2.676938,1.289939,0.0114290565,0.039617807,0.027488936
1755748454.4682465,1.93794073589052,-3.0673885821746056,0.76626056,0.5174927524543215,0.7343828529409927,1.3223034,0.017471313,2.421875,2.0551972,-2.6371684,1.3174276,0.010335834,0.039916966,0.027488936
1755748454.5186849,1.9630028854221295,-3.0309622511767946,0.801555,0.46820416841597307,0.7515509830093346,0.71748227,0.04324341,2.4335938,2.064983,-2.5971148,1.3449165,0.009234801,0.04018597,0.027488936
1755748454.569914,1.9866407875120713,-2.9936663627819966,0.83621156,0.45246663287120154,0.7443683736483047,0.68886495,0.054473877,2.4453125,2.0736647,-2.5568058,1.3724061,0.008126752,0.04042462,0.027488936
1755748454.6185462,2.0098949017674475,-2.956776840677535,0.8660837,0.431377765715164,0.7292355700997397,0.5372005,0.07128906,2.4199219,2.0812345,-2.516275,1.3998947,0.007012602,0.04063271,0.027488936
1755748454.6685967,2.0276558753655443,-2.926962625992246,0.8910382,0.44014539323912416,0.7196994840455342,0.68895704,0.07598877,2.4511719,2.087688,-2.4755514,1.4273834,0.005893152,0.040810104,0.027488936
1755748454.7180796,2.0512429802278436,-2.881245495485846,0.9252321,0.3895420182317673,0.7649975337930762,0.46292958,0.0031814575,2.453125,2.0930195,-2.4346657,1.4548721,0.0047692503,0.04095666,0.027488936
1755748454.7680953,2.069863433977275,-2.8420484551934386,0.96760434,0.37439688594898773,0.7735608159116064,0.56603503,-0.0022907257,2.4453125,2.0972252,-2.3936477,1.4823618,0.0036417055,0.04107227,0.027488936
1755748454.8181512,2.083799436891419,-2.8101047635382765,0.9941706,0.3482220990345416,0.7845532091382794,0.5515072,0.024719238,2.4492188,2.1003017,-2.352531,1.5098505,0.002511448,0.04115685,0.027488936
1755748454.8681538,2.1005037505485156,-2.7703527325078023,1.0273104,0.33497428406149105,0.8152973840221688,0.68768203,0.02456665,2.4375,2.1022472,-2.311345,1.5373392,0.001379293,0.04121033,0.027488936
1755748454.9182239,2.1188737694118776,-2.7223744931948084,1.0623071,0.28697278239935875,0.8020936010186964,0.7433719,0.029693604,2.453125,2.1030602,-2.2701213,1.5648279,0.00024609585,0.04123267,0.027488936
1755748454.9682448,2.1322439838736225,-2.681191373088247,1.0883095,0.2537230365774503,0.854551429632683,0.52814394,0.038391113,2.4550781,2.1027393,-2.2288892,1.5923176,-0.0008873266,0.041223858,0.027488936
1755748455.0182648,2.144284878974168,-2.6392952687358378,1.118722,0.22597575432742106,0.846676105166753,0.5393344,0.05090332,2.4570312,2.1012857,-2.187683,1.6198063,-0.0020200394,0.041183896,0.027488936
1755748455.068341,2.15537287256318,-2.597067831064947,1.1505561,0.21085016038664406,0.8329848276021009,0.66577464,0.08917236,2.4550781,2.0987,-2.1465325,1.647295,-0.0031512256,0.041112814,0.027488936
1755748455.118275,2.1658303096482525,-2.5550180875141306,1.1870978,0.1961971881176743,0.8560773231709744,0.7140978,0.13293457,2.4355469,2.094984,-2.1054685,1.6747837,-0.0042800307,0.04101067,0.027488936
1755748455.1685042,2.174185002980437,-2.5122137244048326,1.2199993,0.1496147746089109,0.8385863620542032,0.6962146,0.14001465,2.4296875,2.090141,-2.0645223,1.7022724,-0.0054056025,0.04087754,0.027488936
1755748455.2182546,2.179717249661939,-2.4770174407057906,1.2481494,0.12458984148839114,0.8927318396591223,0.7130113,0.16638184,2.2988281,2.0841742,-2.0237231,1.7297621,-0.006527128,0.040713515,0.027488936
1755748455.268143,2.187278813519661,-2.4242937511119327,1.2910058,0.12295390797379768,0.9058998056378459,0.7135509,0.19592285,2.0820312,2.0770884,-1.9831047,1.7572508,-0.0076436833,0.040518735,0.027488936
1755748455.3183186,2.1910650632838373,-2.389003704388473,1.3174924,0.08902654226937148,0.8585245125227201,0.6267742,0.19555664,1.8974609,2.0688887,-1.9426965,1.7847395,-0.008754464,0.04029334,0.027488936
1755748455.3683453,2.19352608495713,-2.344917020674906,1.3516868,0.02098987045614518,0.892137736990546,0.7419463,0.17626953,1.7773438,2.0595818,-1.9025289,1.8122282,-0.009858628,0.040037498,0.027488936
1755748455.418175,2.194309118989187,-2.291768188430861,1.3931233,6.864877999946721e-05,0.8680544444214581,0.67828196,0.18408203,1.5263672,2.0491738,-1.8626308,1.839718,-0.010955382,0.03975139,0.027488936
1755748455.468383,2.194356294828702,-2.2476984904797073,1.4313589,-0.00632693684111086,0.8830754538559642,0.7801006,0.22668457,1.234375,2.0376735,-1.8230354,1.8672066,-0.01204382,0.039435264,0.027488936
1755748455.5182753,2.1924662662872496,-2.2038829745005675,1.4685943,-0.04326297383318338,0.8961838750311271,0.81462103,0.1895752,1.0615234,2.0250893,-1.7837709,1.8946953,-0.013123158,0.03908934,0.027488936
1755748455.5681658,2.1886042511408337,-2.1605022625850685,1.5067217,-0.09445791376166457,0.8650969090426616,0.86889774,0.17382812,0.9916992,2.0114307,-1.7448672,1.922184,-0.01419258,0.03871388,0.027488936
1755748455.618171,2.1831300653354213,-2.1162981061655923,1.5451423,-0.12609596929225061,0.8928066596174061,0.63738394,0.2244873,0.86865234,1.9967076,-1.7063522,1.9496737,-0.015251316,0.038309153,0.027488936
1755748455.6683283,2.1751900865747116,-2.0728449075771325,1.5839193,-0.17741462983125192,0.8692208440345305,0.7738861,0.15563965,0.890625,1.9809318,-1.6682578,1.9771624,-0.01629849,0.037875492,0.027488936
1755748455.7183702,2.1658122180675865,-2.0301673040352988,1.6214547,-0.1920378246017269,0.8373251586303053,0.78617376,0.16503906,0.87109375,1.964115,-1.6306114,2.004651,-0.01733335,0.037413217,0.027488936
1755748455.768339,2.1546062955966607,-1.9879159060712903,1.6572917,-0.23298279830243235,0.8132091668981973,0.61250913,0.14172363,0.9189453,1.9462696,-1.5934415,2.0321398,-0.018355113,0.03692267,0.027488936
1755748455.8182528,2.141677969392055,-1.9467179898915399,1.6950662,-0.2804846597262368,0.8192295407875708,0.8084403,0.16552734,0.91259766,1.9274089,-1.5567747,2.0596294,-0.019363042,0.036404207,0.027488936
1755748455.868199,2.1285364614052713,-1.9055247830498045,1.7300413,-0.27522381884841235,0.8217518865146141,0.7324492,0.14831543,0.8105469,1.9075483,-1.5206416,2.0871181,-0.020356305,0.03585826,0.027488936
1755748455.9183836,2.1136539102828804,-1.8652060832208386,1.7672641,-0.307615083881478,0.800316249739461,0.71544033,0.083740234,0.8779297,1.8867018,-1.4850678,2.1146069,-0.02133419,0.035285212,0.027488936
1755748455.9684505,2.0974686821367023,-1.8254692779447186,1.7983673,-0.35864972898084374,0.7937619798800766,0.5566528,0.13232422,0.87890625,1.8648856,-1.4500806,2.1420956,-0.02229595,0.034685507,0.027488936
1755748456.0182712,2.079067687646197,-1.7870615126138076,1.8314191,-0.37141649148798456,0.77120451996102,0.6883905,0.104003906,0.9189453,1.8421152,-1.415705,2.1695852,-0.0232409,0.03405957,0.027488936
1755748456.0684276,2.064531699376577,-1.7566487674712448,1.8585973,-0.36708934149488653,0.7614350123375645,0.76745296,0.084350586,0.97802734,1.8184092,-1.3819695,2.197074,-0.024168255,0.033407923,0.027488936
1755748456.1183016,2.041525468093701,-1.7118664759518896,1.8980727,-0.3947868120603426,0.731897562449271,0.55208504,0.12597656,0.9428711,1.7937851,-1.348898,2.2245626,-0.025077352,0.03273103,0.027488936
1755748456.1683218,2.0201861725348627,-1.6748810947476085,1.9305358,-0.42476519080626635,0.7345639537039388,0.6286623,0.083496094,0.90722656,1.7682613,-1.316516,2.2520514,-0.025967497,0.03202941,0.027488936
1755748456.2183564,2.0022090558713113,-1.6454247099244097,1.9567636,-0.46979862578382,0.7229724544572543,0.80457866,0.05456543,0.9375,1.741857,-1.2848479,2.27954,-0.026838023,0.03130358,0.027488936
1755748456.2684467,1.974237089931602,-1.6016090444109916,1.9974128,-0.4795953426463955,0.7333746530145324,0.6827035,0.08300781,0.8828125,1.7145915,-1.2539163,2.3070297,-0.027688298,0.03055408,0.027488936
1755748456.3184886,1.9544376678123023,-1.5725527569857152,2.022856,-0.5143266898601734,0.7294125155379163,0.5934469,0.13708496,0.71875,1.686487,-1.2237468,2.3345184,-0.028517626,0.029781517,0.027488936
1755748456.3684852,1.9222700626356128,-1.53075673593139,2.0592394,-0.5569265041559347,0.6936716352965424,0.5649525,0.16381836,0.65478516,1.6575638,-1.1943612,2.3620074,-0.029325405,0.028986452,0.027488936
1755748456.418319,1.894161364323782,-1.4974195599944524,2.091312,-0.5623479223117268,0.6566686383086608,0.59212005,0.17626953,0.55126953,1.627844,-1.1657816,2.389496,-0.030111026,0.028169485,0.027488936
1755748456.4683528,1.8668814807706435,-1.4654543865660834,2.1260347,-0.5337707906938098,0.6345955939823451,0.60336894,0.19567871,0.47485352,1.5973488,-1.1380289,2.4169855,-0.03087392,0.027331205,0.027488936
1755748456.519051,1.8392934088037993,-1.4355639065892776,2.1575263,-0.5464935322160255,0.5682573214525464,0.5398992,0.21984863,0.3330078,1.5661035,-1.1111257,2.4444742,-0.03161346,0.026472302,0.027488936
1755748456.5685382,1.8134038751947419,-1.4088969116269814,2.186204,-0.49610064098343243,0.49376299666887224,0.45857027,0.22741699,0.2890625,1.5341303,-1.0850914,2.471963,-0.032329116,0.025593398,0.027488936
1755748456.618676,1.790402327592897,-1.3868153289686629,2.2129242,-0.4412113924676784,0.402874870410504,0.49058956,0.20800781,0.25976562,1.5014539,-1.0599457,2.4994516,-0.033020344,0.024695154,0.027488936
1755748456.668703,1.7736922781573696,-1.3723329015759533,2.2308438,-0.39295392559540754,0.3439887532714488,0.41354772,0.16894531,0.18945312,1.4680973,-1.0357069,2.5269413,-0.033686645,0.02377822,0.027488936
1755748456.7194145,1.7518549650081343,-1.3535053561065744,2.256001,-0.3381421924740835,0.2807452434125954,0.37706012,0.08380127,0.26708984,1.4340885,-1.0123948,2.55443,-0.03432747,0.022843352,0.027488936
1755748456.7700396,1.739460687570477,-1.3432591699506007,2.2710328,-0.28787851422933614,0.2344533451135825,0.33584568,0.0362854,0.3474121,1.3994517,-0.99002624,2.5819187,-0.034942355,0.021891223,0.027488936
1755748456.81827,1.7265206118506013,-1.332953955924611,2.2853665,-0.23927137857810346,0.1847001665105213,0.26812285,0.011886597,0.5722656,1.3642132,-0.96861815,2.6094074,-0.03553084,0.020922555,0.027488936
1755748456.8683205,1.716208169092742,-1.3248221355811192,2.296019,-0.1894561706396499,0.14938871487780658,0.21940619,-0.02507019,0.8105469,1.3283982,-0.94818616,2.636897,-0.036092497,0.01993804,0.027488936
1755748456.9185073,1.7054186220077514,-1.3168316895869132,2.306744,-0.1703953115967453,0.12440346504873297,0.15089636,-0.04626465,1.0400391,1.2920367,-0.9287468,2.6643858,-0.036626864,0.018938497,0.027488936
1755748456.968194,1.6961226544751435,-1.3097487041527978,2.3138506,-0.20552440261082214,0.16415612890521822,0.069782004,-0.06384277,1.2558594,1.2551544,-0.9103142,2.6918745,-0.037133556,0.017924644,0.027488936
1755748457.0183678,1.6838122886391937,-1.3002395570473562,2.320881,-0.28237296326297207,0.21465738149079955,0.13509217,-0.06951904,1.5283203,1.2177795,-0.89290226,2.7193632,-0.03761219,0.016897248,0.027488936
1755748457.0684664,1.6671715864699765,-1.2869219176840192,2.3295057,-0.37255336470376954,0.287566939020273,0.1515778,-0.052886963,1.6582031,1.1799388,-0.87652373,2.7468529,-0.03806242,0.015857046,0.027488936
1755748457.1184156,1.645862169546384,-1.2694791819318743,2.337584,-0.4625383910066246,0.3863906633466364,0.14827046,-0.045562744,1.7578125,1.1416636,-0.86119187,2.7743416,-0.038483877,0.0148049025,0.027488936
1755748457.1683998,1.619912630253642,-1.2481903178365188,2.3478997,-0.5535808763854094,0.4421061513525921,0.32677656,-0.028640747,1.8896484,1.1029813,-0.84691787,2.8018303,-0.038876254,0.01374157,0.027488936
1755748457.2183394,1.5897746579193954,-1.2231719008712192,2.361649,-0.6470893752078177,0.5244701792574926,0.3470412,-0.02557373,1.8847656,1.0639215,-0.83371246,2.829319,-0.039239254,0.012667855,0.027488936
1755748457.268322,1.555418139664252,-1.195981125247563,2.3737726,-0.7408948618193312,0.569086357889394,0.26396,-0.018798828,1.8525391,1.0245135,-0.82158554,2.8568077,-0.03957261,0.011584569,0.027488936
1755748457.3184128,1.5174181396909234,-1.1672389808000705,2.39007,-0.7837183684857107,0.585938006210857,0.30895218,-0.022628784,1.7988281,0.9847855,-0.81054604,2.8842974,-0.039876074,0.010492491,0.027488936
1755748457.3684802,1.4761917702802403,-1.137286711980829,2.4068503,-0.828247645087176,0.6110778457279044,0.4948517,-0.009712219,1.8115234,0.9447706,-0.80060303,2.911786,-0.0401494,0.009392523,0.027488936
1755748457.4183407,1.4327564590890285,-1.106497117766296,2.423179,-0.8718691721610146,0.5952183054478782,0.30048463,0.03050232,1.7529297,0.9044975,-0.79176354,2.9392748,-0.040392388,0.008285459,0.027488936
1755748457.468481,1.3880023794608445,-1.076198944503139,2.44171,-0.8942875973016309,0.6069930637784503,0.37362376,0.051727295,1.6923828,0.8639966,-0.78403425,2.9667635,-0.040604856,0.007172134,0.027488936
1755748457.5185554,1.3513160422548134,-1.051932218673109,2.457264,-0.9292334189108432,0.6093747507734893,0.42787775,0.052093506,1.625,0.82329726,-0.777421,2.9942532,-0.04078665,0.006053351,0.027488936
1755748457.568601,1.2958240363128604,-1.016949826319125,2.481507,-0.9319280658696026,0.5749240292795303,0.48079574,0.06640625,1.5888672,0.7824329,-0.771929,3.0217419,-0.040937617,0.0049300333,0.027488936
1755748457.6182814,1.2498724739666975,-0.9892030035790511,2.4980621,-0.9195420947191358,0.5527248043847582,0.33473185,0.11578369,1.5058594,0.741433,-0.76756215,3.0492306,-0.041057654,0.00380299,0.027488936
1755748457.668603,1.204286623072338,-0.9628224263660835,2.5174873,-0.9148788026678812,0.5142985941029139,0.36707687,0.1194458,1.4921875,0.70032865,-0.76432407,3.0767193,-0.04114667,0.0026730737,0.027488936
1755748457.7185667,1.1595601076414324,-0.9381423920823257,2.534546,-0.8628264727997335,0.4723660538031548,0.37620753,0.16931152,1.4326172,0.6591493,-0.7622168,3.104209,-0.041204598,0.001541098,0.027488936
1755748457.76845,1.1155018498527298,-0.9148871687726965,2.5529523,-0.878312357239422,0.4603651441515389,0.3852138,0.1809082,1.3486328,0.61792904,-0.76124215,3.1316977,-0.041231386,0.00040799734,0.027488936
1755748457.8188477,1.0806885745344272,-0.8975725980033022,2.5683415,-0.888168533630428,0.41505502271762335,0.46925566,0.1829834,1.3232422,0.5766976,-0.76140094,-3.123999,-0.041227024,-0.00072541164,0.027488936
1755748457.8691123,1.0288109520835849,-0.8741483144482237,2.596412,-0.8534741965189314,0.3812396254043041,0.5140091,0.19641113,1.2753906,0.5354847,-0.7626928,-3.0965095,-0.04119151,-0.0018583118,0.027488936
1755748457.918431,0.9862484205383941,-0.8565331301796336,2.6197598,-0.8469564146180353,0.3452639034064536,0.39604577,0.20922852,1.3115234,0.4943242,-0.76511705,-3.0690207,-0.04112487,-0.0029897683,0.027488936
1755748457.9684296,0.9446504055406605,-0.8408258669798854,2.6425443,-0.826385670887379,0.3012014839009415,0.4983845,0.20080566,1.3212891,0.45324597,-0.7686715,-3.041532,-0.04102716,-0.0041189664,0.027488936
1755748458.018576,0.9031956406020466,-0.8266907899349595,2.6685565,-0.8214684045914912,0.26282795790245184,0.5414332,0.19042969,1.4013672,0.41228092,-0.7733538,-3.0140433,-0.04089845,-0.005245052,0.027488936
1755748458.0690682,0.8625129883965706,-0.8142164376842258,2.6967835,-0.8148127980912875,0.23840896199188627,0.58780694,0.20776367,1.4902344,0.37145862,-0.7791605,-2.9865537,-0.04073883,-0.0063672136,0.027488936
1755748458.1185646,0.8217157800898683,-0.8027766654679405,2.7252238,-0.8102861867675412,0.21317066875678556,0.5959646,0.22094727,1.4755859,0.33081278,-0.7860867,-2.959065,-0.040548436,-0.0074845245,0.027488936
1755748458.1685796,0.7803579093166763,-0.7924218090109746,2.7515512,-0.8321403994330302,0.19865634923600892,0.46092093,0.21716309,1.5556641,0.29037264,-0.79412746,-2.9315763,-0.040327404,-0.008596181,0.027488936
1755748458.218569,0.7470826526396507,-0.7850281734460466,2.7743158,-0.8473820897217925,0.17163266116736506,0.5720524,0.22302246,1.6347656,0.2501688,-0.8032768,-2.9040875,-0.0400759,-0.009701342,0.027488936
1755748458.268489,0.6965654681718737,-0.7752523781034001,2.810312,-0.8602625695391947,0.1616404412794107,0.56609786,0.22009277,1.6855469,0.21023163,-0.8135276,-2.8765988,-0.039794117,-0.010799171,0.027488936
1755748458.3184621,0.6533158038394365,-0.7690834783782088,2.839638,-0.8505642748192365,0.10152556227593583,0.5882062,0.25195312,1.6806641,0.17058986,-0.8248726,-2.8491092,-0.039482255,-0.011888881,0.027488936
1755748458.3687632,0.6095546575255252,-0.7640680165096108,2.8700445,-0.8750559828044596,0.09119241574848919,0.6154102,0.25317383,1.6962891,0.13127634,-0.83730257,-2.8216205,-0.039140567,-0.012969568,0.027488936
1755748458.4189696,0.5745914766719072,-0.7613212208100739,2.8969204,-0.8925718780392925,0.05451897615890484,0.7642345,0.23376465,1.7519531,0.09231925,-0.8508084,-2.7941318,-0.03876931,-0.014040457,0.027488936
1755748458.4685264,0.520910139136467,-0.7587579719427273,2.9437156,-0.8938286262721534,0.026551143280491567,0.7275499,0.23376465,1.7685547,0.05374813,-0.8653797,-2.766643,-0.038368758,-0.015100737,0.027488936
1755748458.5184252,0.4754647306733426,-0.7588018049875246,2.982103,-0.9025858464308757,-0.014864173555226573,0.73021924,0.2154541,1.8144531,0.015590727,-0.88100624,-2.7391534,-0.0379392,-0.016149644,0.027488936
1755748458.569033,0.43003598570694374,-0.7605339898666209,3.0208104,-0.896462080959029,-0.0483194495481808,0.7311727,0.21765137,1.7685547,-0.02212143,-0.89767516,-2.7116647,-0.037480988,-0.01718631,0.027488936
1755748458.6184669,0.3840437721477783,-0.7640808547211063,3.0590265,-0.9273495647630992,-0.08904404991197902,0.7270469,0.22045898,1.7617188,-0.05936116,-0.9153743,-2.684176,-0.036994457,-0.018209992,0.027488936
1755748458.6685455,0.3383959910174615,-0.7695476401553991,3.0990295,-0.9074965556102468,-0.12245335548842162,0.7632089,0.21325684,1.7822266,-0.09610045,-0.93409026,-2.6566873,-0.036479976,-0.019219914,0.027488936
1755748458.718526,0.3020110523643337,-0.7753338147595688,3.128622,-0.9138012171371559,-0.16705183661392475,0.68431,0.21691895,1.7373047,-0.1323126,-0.9538096,-2.6291976,-0.035937913,-0.02021535,0.027488936
1755748458.7685413,0.2569379959173104,-0.7840881408580362,-3.1147766,-0.9023413320350406,-0.17253876195071016,0.91478145,0.18005371,1.6494141,-0.16796792,-0.97451615,-2.601709,-0.03536871,-0.021195475,0.027488936
1755748458.8187158,0.2027992738972539,-0.796136313867132,-3.0680518,-0.8931689998874451,-0.2217203737313511,0.70264167,0.18981934,1.6943359,-0.20304054,-0.99619484,-2.5742202,-0.034772787,-0.022159584,0.027488936
1755748458.8685374,0.15811641076239485,-0.80805989326451,-3.028568,-0.8952420771929304,-0.23515644913519146,0.8840927,0.20275879,1.6396484,-0.23750412,-1.0188293,-2.5467312,-0.034150586,-0.023106953,0.027488936
1755748458.9186392,0.1142231210661988,-0.8216261076575118,-2.9919996,-0.8715384086384959,-0.29003743104105795,0.80234975,0.1763916,1.6015625,-0.2713337,-1.0424035,-2.5192418,-0.033502564,-0.02403689,0.027488936
1755748458.9686453,0.07941698148927376,-0.8339927079734112,-2.9631205,-0.8455703479737962,-0.30886388903103096,0.6605852,0.15478516,1.6328125,-0.3045014,-1.0668975,-2.491753,-0.032829244,-0.024948636,0.027488936
1755748459.0185308,0.03645209349120528,-0.8506414827945438,-2.9259217,-0.8622272236105893,-0.33987740942515515,0.7385565,0.18322754,1.5664062,-0.33698344,-1.092294,-2.4642644,-0.032131124,-0.025841532,0.027488936
1755748459.0686622,-0.01388039559764385,-0.8723718376696717,-2.886423,-0.8334638413720133,-0.3754783396355241,0.6746136,0.17895508,1.5478516,-0.3687551,-1.1185737,-2.4367754,-0.031408723,-0.026714902,0.027488936
1755748459.118493,-0.055321777527392056,-0.8913255238623106,-2.8516836,-0.8294357933964062,-0.3943426251402486,0.7297609,0.19006348,1.5146484,-0.3997935,-1.1457176,-2.409286,-0.030662566,-0.027568113,0.027488936
1755748459.1684399,-0.09649778618354371,-0.9119209878312305,-2.8197718,-0.8099368244109715,-0.4333690686203702,0.632409,0.19799805,1.5195312,-0.43007314,-1.1737034,-2.381797,-0.029893264,-0.028400468,0.027488936
1755748459.2187195,-0.12867823057333094,-0.9290861635214632,-2.792366,-0.7905989284178954,-0.43384603647694686,0.64355737,0.18041992,1.4638672,-0.45957196,-1.2025108,-2.3543086,-0.02910138,-0.02921136,0.027488936
1755748459.268748,-0.17615273718323182,-0.9562485007332024,-2.7532146,-0.7880559244430845,-0.46343433147138,0.61789745,0.20166016,1.3925781,-0.4882679,-1.2321182,-2.32682,-0.028287504,-0.030000182,0.027488936
1755748459.3186243,-0.20661296437155272,-0.9758352836375488,-2.7259305,-0.7543635714226767,-0.5020530555666324,0.72884625,0.18481445,1.3759766,-0.5161394,-1.2625031,-2.2993312,-0.027452255,-0.030766338,0.027488936
1755748459.3685634,-0.2513759063314309,-1.0069456739277676,-2.6858492,-0.7381955715454994,-0.5229589821643031,0.7056465,0.19689941,1.2939453,-0.54316604,-1.2936437,-2.2718415,-0.026596233,-0.031509273,0.027488936
1755748459.4187145,-0.28071172511327797,-1.028408506539894,-2.6591845,-0.7451831715325069,-0.5469925830198239,0.7362577,0.20397949,1.2822266,-0.56932557,-1.3255143,-2.2443526,-0.025720144,-0.032228373,0.027488936
1755748459.4687262,-0.3166384068306188,-1.0556538153677442,-2.6241348,-0.7220377348752104,-0.5548682195983475,0.72808903,0.19714355,1.1865234,-0.59459937,-1.3580918,-2.216864,-0.024824623,-0.03292312,0.027488936
1755748459.5187576,-0.3585291170686062,-1.0902325544801423,-2.5850625,-0.6810973405470006,-0.5880314370552661,0.6990303,0.20263672,1.2119141,-0.6189681,-1.3913517,-2.1893754,-0.023910344,-0.03359299,0.027488936
1755748459.568462,-0.3917600393338908,-1.1205726342401383,-2.544941,-0.6516173017833341,-0.6302861760080403,0.93392205,0.19824219,1.1669922,-0.64241445,-1.42527,-2.1618857,-0.022977967,-0.034237508,0.027488936
1755748459.618791,-0.41813938462333383,-1.145716633626462,-2.5192525,-0.6362651899056286,-0.6423453553412041,0.64613855,0.22058105,1.203125,-0.6649188,-1.4598187,-2.134397,-0.02202826,-0.034856126,0.027488936
1755748459.6685457,-0.45555512355056926,-1.184412668435639,-2.4807758,-0.623780280716998,-0.6585599487482604,0.584383,0.1784668,1.2119141,-0.68646514,-1.494973,-2.1069083,-0.021061908,-0.03544841,0.027488936
1755748459.7185051,-0.48527366218327006,-1.2178726385479883,-2.448992,-0.5826703979852257,-0.679634933737721,0.5875211,0.15722656,1.1611328,-0.70703685,-1.530706,-2.0794196,-0.020079643,-0.03601391,0.027488936
1755748459.7685091,-0.5145980619741045,-1.252282681740702,-2.4165444,-0.5689364212502105,-0.6925419558242086,0.79536223,0.17163086,1.1416016,-0.7266196,-1.5669924,-2.05193,-0.01908217,-0.036552217,0.027488936
1755748459.820033,-0.5432638489583964,-1.2876727228248512,-2.3814416,-0.567050708026441,-0.7194365615383566,0.6661322,0.18041992,1.0585938,-0.74519694,-1.603802,-2.0244412,-0.018070314,-0.037062887,0.027488936
1755748459.8685443,-0.570001936719242,-1.324067193919574,-2.350437,-0.525229948010256,-0.7278308010991595,0.71283597,0.14648438,1.0732422,-0.7627554,-1.6411083,-1.9969524,-0.017044805,-0.03754555,0.027488936
1755748459.9186785,-0.5959510346956699,-1.3611145757443541,-2.318313,-0.4967899362932286,-0.7433289481304292,0.7691673,0.13806152,1.0371094,-0.779282,-1.678883,-1.9694636,-0.016006416,-0.03799985,0.027488936
1755748459.9689293,-0.6156495002588821,-1.3911234327379376,-2.291884,-0.47676434120512845,-0.7552927490997713,0.6568137,0.13879395,1.1015625,-0.7947644,-1.717099,-1.941974,-0.014955898,-0.038425446,0.027488936
1755748460.0187838,-0.6435811397738167,-1.4372272191221385,-2.253311,-0.4566737464646688,-0.7769235016173247,0.59068435,0.14819336,1.1035156,-0.8091903,-1.7557249,-1.9144853,-0.013894115,-0.038821995,0.027488936
1755748460.0685716,-0.6656140301657494,-1.4758821440987553,-2.221579,-0.43765832488900747,-0.7779769890578218,0.7162175,0.15661621,1.1210938,-0.822549,-1.7947326,-1.8869966,-0.012821834,-0.039189212,0.027488936
1755748460.1185458,-0.6864874130078018,-1.5158529558885214,-2.1897101,-0.42044397489926005,-0.8013023849741879,0.60146755,0.15356445,1.0859375,-0.8348305,-1.8340927,-1.8595079,-0.011739865,-0.03952682,0.027488936
1755748460.168671,-0.7065282390028895,-1.5562570953984107,-2.156565,-0.38741922361683756,-0.8098523890140038,0.65911984,0.15307617,1.1298828,-0.8460258,-1.873777,-1.8320183,-0.010648986,-0.039834566,0.027488936
1755748460.218616,-0.7216117203592876,-1.5890262232175956,-2.130783,-0.3650631318304223,-0.8118235438986192,0.71150786,0.1463623,1.1757812,-0.85612595,-1.9137526,-1.8045295,-0.0095501,-0.04011221,0.027488936
1755748460.268713,-0.7394994560808634,-1.6309001073812275,-2.1017482,-0.33383130310248077,-0.8301913135499042,0.48071465,0.14404297,1.1582031,-0.8651235,-1.9539907,-1.7770408,-0.008443998,-0.04035954,0.027488936
1755748460.3188868,-0.755431299049309,-1.6731607941299118,-2.0696535,-0.310411861767064,-0.8454212861415498,0.7299062,0.13964844,1.1337891,-0.8730117,-1.9944608,-1.7495521,-0.007331517,-0.04057638,0.027488936
1755748460.3685594,-0.7731947365432998,-1.7244391834322235,-2.0294712,-0.27460494263764773,-0.8550840334555949,0.617332,0.17114258,0.94384766,-0.8797846,-2.0351324,-1.7220634,-0.006213495,-0.04076256,0.027488936
1755748460.419107,-0.786198131762895,-1.7673252556072545,-1.9984326,-0.260202150532813,-0.8662901988909245,0.6625495,0.17321777,0.8520508,-0.88543725,-2.0759764,-1.6945738,-0.00509074,-0.040917944,0.027488936
1755748460.4686656,-0.7976925683112218,-1.8106618210825085,-1.9684498,-0.22336568895032607,-0.8679861807799167,0.6057467,0.1661377,0.7421875,-0.88996494,-2.1169589,-1.667085,-0.003964177,-0.041042406,0.027488936
1755748460.518852,-0.805785473345819,-1.8453969058841302,-1.943416,-0.20560265668524297,-0.8548336940277126,0.6206707,0.1619873,0.7919922,-0.89336455,-2.1580503,-1.6395963,-0.0028346188,-0.041135855,0.027488936
1755748460.5689013,-0.8168783116397121,-1.8963554382383352,-1.904221,-0.16206483813595046,-0.8298806513435902,0.72688496,0.09234619,0.81152344,-0.89563334,-2.1992195,-1.6121076,-0.0017029187,-0.041198228,0.027488936
1755748460.6184886,-0.8224823733179253,-1.9292792919328312,-1.880621,-0.1254804194566185,-0.8256462272125942,0.5066336,0.044403076,0.9448242,-0.8967699,-2.240437,-1.584618,-0.0005698925,-0.041229464,0.027488936
1755748460.668596,-0.8287053440469649,-1.9773476116350601,-1.8450351,-0.09423402471905808,-0.7893076675805033,0.6949285,-0.006160736,1.1171875,-0.8967731,-2.2816687,-1.5571293,0.0005635248,-0.041229554,0.027488936
1755748460.7185931,-0.8329890189616369,-2.0166650749388313,-1.8165323,-0.06771462907673356,-0.7853550141594005,0.4918138,-0.044952393,1.2685547,-0.895643,-2.322885,-1.5296406,0.0016965162,-0.04119849,0.027488936
1755748460.7686105,-0.8359225830492008,-2.048088246213422,-1.7919292,-0.06646972378411263,-0.7739550714070348,0.623103,-0.07507324,1.4462891,-0.8933805,-2.3640547,-1.5021518,0.002828226,-0.0411363,0.027488936
1755748460.8189456,-0.8386960149460935,-2.0879764084618837,-1.7674947,-0.052483152754108316,-0.783206361966902,0.5030038,-0.15356445,1.6396484,-0.8899871,-2.405148,-1.4746622,0.003957838,-0.041043017,0.027488936
1755748460.8686683,-0.8429028484392188,-2.136148060508448,-1.7529013,-0.06514441870316054,-0.8051810989163951,0.07668903,-0.14880371,1.7373047,-0.88546574,-2.4461312,-1.4471735,0.00508442,-0.04091873,0.027488936
1755748460.918661,-0.8461143719857078,-2.168850469255501,-1.7462935,-0.10265126748746146,-0.8255671897506752,0.008894475,-0.071777344,1.7441406,-0.87981975,-2.4869745,-1.4196848,0.006207161,-0.040763523,0.027488936
1755748460.968572,-0.8543435771617002,-2.218796675486747,-1.7483629,-0.13256260022899158,-0.8488149701474881,-0.029905688,0.052703857,1.6796875,-0.8730532,-2.5276473,-1.392196,0.0073252115,-0.04057752,0.027488936
1755748461.0188017,-0.8611882129092903,-2.2608684702185746,-1.7566491,-0.12787133514216065,-0.8527445660330419,-0.1818897,0.16296387,1.6816406,-0.86517096,-2.56812,-1.3647064,0.008437766,-0.040360846,0.027488936
1755748461.0685728,-0.8681322328922104,-2.3034858784997967,-1.7596502,-0.14154667999344434,-0.8528943426160881,-0.055201955,0.26708984,1.6523438,-0.8561796,-2.6083596,-1.3372177,0.009543906,-0.040113684,0.027488936
1755748461.1190372,-0.8752980154431322,-2.3466353513306166,-1.7621968,-0.15577039176358076,-0.8513188549473837,-0.005465903,0.34765625,1.7060547,-0.84608567,-2.6483366,-1.309729,0.010642835,-0.039836213,0.027488936
1755748461.168753,-0.8807447331471745,-2.3905771405299694,-1.7409997,-0.05738954874913919,-0.8937201272427748,0.7886436,0.3659668,1.7734375,-0.8348968,-2.6880212,-1.2822403,0.011733722,-0.03952864,0.027488936
1755748461.2186768,-0.8801754747855602,-2.4349539639548405,-1.7059157,0.04774462933208747,-0.8895121193253769,0.8547132,0.36132812,1.8740234,-0.822621,-2.7273846,-1.2547506,0.012815781,-0.039191194,0.027488936
1755748461.2688398,-0.8752134575600746,-2.479286518833567,-1.648417,0.14206285062715915,-0.8996096469994154,1.2209187,0.36108398,1.6914062,-0.80926836,-2.7663946,-1.2272619,0.013888119,-0.03882414,0.027488936
1755748461.318715,-0.8666759859395134,-2.5237284541194516,-1.5919217,0.17934737504627726,-0.8765736348659288,1.126821,0.34228516,1.4511719,-0.79484844,-2.8050225,-1.1997732,0.014949963,-0.038427755,0.027488936
1755748461.3685908,-0.8555510282925657,-2.5681303012477956,-1.5327163,0.2500616042476522,-0.8765344386408779,1.1093549,0.32421875,1.1875,-0.77937233,-2.8432398,-1.1722845,0.016000511,-0.038002335,0.027488936
1755748461.4188116,-0.8417592629731031,-2.6116690209806857,-1.4716858,0.2978417410731374,-0.8581094318698868,1.3608648,0.29077148,1.0771484,-0.7628517,-2.881017,-1.1447958,0.01703897,-0.0375482,0.027488936
1755748461.4687293,-0.8259289864027454,-2.6541549932348083,-1.4140674,0.34368208982267523,-0.861869263455314,1.0867078,0.28710938,1.0302734,-0.7452984,-2.9183273,-1.117306,0.01806459,-0.037065674,0.027488936
1755748461.5189679,-0.8076038617820691,-2.696081374948793,-1.3538101,0.3966189029011851,-0.8377872189897752,1.231409,0.24645996,0.9272461,-0.7267269,-2.9551396,-1.0898174,0.019076524,-0.036555164,0.027488936
1755748461.568678,-0.7870178719489228,-2.7366800735323547,-1.295604,0.42364792491766173,-0.8123694644255584,1.3339841,0.1850586,0.8544922,-0.70715046,-2.991428,-1.0623287,0.020074045,-0.03601703,0.027488936
1755748461.618629,-0.7647205188727034,-2.775611565757899,-1.2398934,0.4663691962671541,-0.7572107958638803,0.8799914,0.15527344,0.83740234,-0.6865841,-3.027164,-1.0348399,0.021056399,-0.035451684,0.027488936
1755748461.6686654,-0.7406787702646017,-2.8117405599343583,-1.1961854,0.47732711569515646,-0.7071842761619895,0.86686826,0.08972168,0.9404297,-0.6650425,-3.0623229,-1.0073503,0.022022875,-0.034859527,0.027488936
1755748461.7187943,-0.7171641200543349,-2.847376526876364,-1.1514418,0.4626503106413871,-0.7117460957262809,0.9606801,0.08532715,0.91748047,-0.64254355,-3.096875,-0.9798616,0.022972677,-0.034241054,0.027488936
1755748461.7687519,-0.6927541194027356,-2.8819873979517703,-1.1116893,0.4823025631292637,-0.6818379699779336,0.76734245,0.06161499,0.90722656,-0.6191033,-3.1307957,-0.9523729,0.02390512,-0.03359671,0.027488936
1755748461.8186247,-0.6722066478266179,-2.9085373955573073,-1.0823343,0.5221010443263576,-0.6529854593996471,0.7128133,-0.0027256012,0.9785156,-0.5947398,-3.1640594,-0.9248842,0.024819504,-0.03292698,0.027488936
1755748461.8687155,-0.639963001393649,-2.946604778769129,-1.038245,0.5320779405071643,-0.6402448814743885,0.74446386,-0.018981934,1.0068359,-0.56947017,-3.196642,-0.89739454,0.025715165,-0.032232344,0.027488936
1755748461.918909,-0.6128809662303407,-2.9776483430872593,-1.0030857,0.5431726561623789,-0.6152924431023863,0.65089786,-0.042022705,0.9926758,-0.54331553,-3.2285166,-0.8699059,0.026591364,-0.03151338,0.027488936
1755748461.9689364,-0.5855330550199214,-3.0086222648837304,-0.97546035,0.5482392278326923,-0.628062095014173,0.5312285,-0.08428955,1.0234375,-0.5162946,-3.2596602,-0.8424171,0.027447471,-0.030770605,0.027488936
1755748462.0186665,-0.5581090303130861,-3.0396774636466937,-0.95707,0.5494034687834468,-0.6204358701467664,0.39570108,-0.057769775,1.0205078,-0.48842788,-3.2900496,-0.81492835,0.02828284,-0.030004578,0.027488936
1755748462.0695949,-0.5302031670994054,-3.0708100525996187,-0.94340956,0.5508195354423171,-0.6418076405252886,0.124803126,-0.107543945,1.171875,-0.4597355,-3.3196623,-0.78743875,0.029096864,-0.029215856,0.027488936
1755748462.1190279,-0.5033493995518515,-3.1030485188574874,-0.93185574,0.54344717756683,-0.6508561446155622,0.18372992,-0.090270996,1.1757812,-0.430241,-3.3484745,-0.75995,0.02988888,-0.028405083,0.027488936
1755748462.169396,-0.4751524164235407,-3.135228473070814,-0.92608,0.5357125070522034,-0.6149053935094131,0.08204605,-0.08886719,1.2988281,-0.39996576,-3.3764648,-0.7324613,0.030658307,-0.027572848,0.027488936
1755748462.2187736,-0.44701686043957695,-3.1675623175036085,-0.91955984,0.566147542689699,-0.6413371237254558,0.23624286,-0.081970215,1.3632812,-0.3689326,-3.4036126,-0.7049726,0.03140457,-0.02671978,0.027488936
1755748462.26906,-0.4186112409363239,-3.200369418937137,-0.913962,0.5807609470311729,-0.6602201222462538,0.075161576,-0.07788086,1.3515625,-0.33716387,-3.4298983,-0.6774829,0.03212713,-0.025846492,0.027488936
1755748462.318634,-0.3898707413611428,-3.2328038416532747,-0.90498203,0.5776290696776312,-0.6594794507659517,0.21962339,-0.030212402,1.3974609,-0.3046859,-3.4552999,-0.6499942,0.03282539,-0.024953706,0.027488936
1755748462.368841,-0.3610678498576902,-3.266173236624574,-0.90039074,0.5992196761133173,-0.6489126616289694,0.6939948,-0.016967773,1.4619141,-0.27152193,-3.4797988,-0.6225055,0.03349885,-0.024042064,0.027488936
1755748462.4187071,-0.33201961454367024,-3.2981680442403074,-0.89641017,0.6192414595133676,-0.621879730716761,0.5225676,0.02268982,1.4960938,-0.23769718,-3.5033774,-0.5950167,0.034146998,-0.023112258,0.027488936
1755748462.468925,-0.3026942136457928,-3.3298768282553945,-0.8914056,0.56943055619235,-0.6611270109600275,-0.11724734,0.10620117,1.3203125,-0.20323586,-3.5260181,-0.56752706,0.034769364,-0.022164954,0.027488936
1755748462.5188587,-0.27284730671083673,-3.3619008961483012,-0.87987566,0.5894040655388234,-0.619554079497976,0.38667962,0.15429688,1.2382812,-0.16816652,-3.5477023,-0.5400384,0.035365436,-0.021200936,0.027488936
1755748462.5687408,-0.24311602694704468,-3.392999807370504,-0.87717456,0.6097715355511112,-0.6257190441205541,0.2251173,0.20483398,1.2480469,-0.13251448,-3.5684142,-0.5125497,0.035934787,-0.020220898,0.027488936
1755748462.6188834,-0.21307613589619404,-3.424318888441885,-0.87268716,0.58352294310397,-0.6430751411767252,-0.28197247,0.28686523,1.2285156,-0.09630662,-3.5881386,-0.485061,0.03647699,-0.019225582,0.027488936
1755748462.6689618,-0.1809920766142571,-3.453777287169719,-0.84645945,0.6802424189512871,-0.5389558747621744,1.3032246,0.24902344,1.3046875,-0.059570312,-3.6068602,-0.45757234,0.036991626,-0.018215742,0.027488936
1755748462.7190936,-0.15393696574355045,-3.4759970337467347,-0.8118631,0.6674566568331637,-0.5441311930024147,0.77000517,0.28759766,1.2607422,-0.022332013,-3.6245656,-0.4300826,0.037478335,-0.0171921,0.027488936
1755748462.7695131,-0.11145404456313411,-3.5054447818688135,-0.7648897,0.7075005273244103,-0.46560680244384806,0.7500174,0.30517578,1.1435547,0.0153775215,-3.6412404,-0.4025939,0.037936702,-0.016155504,0.027488936
1755748462.81875,-0.07453073188270058,-3.527634378541996,-0.7151661,0.7363582177191215,-0.4329700592178572,0.9137297,0.30664062,1.0253906,0.05353123,-3.6568723,-0.3751052,0.03836641,-0.015106699,0.027488936
1755748462.868881,-0.03622447580297182,-3.5484753148408767,-0.66415113,0.782312353565085,-0.39056583229095715,1.1677475,0.30639648,0.9248047,0.092100084,-3.6714497,-0.3476165,0.038767125,-0.014046483,0.027488936
1755748462.9189975,0.004006938315101589,-3.566061942057689,-0.6123119,0.8154486302651823,-0.33204622196077643,0.99720824,0.30737305,0.7558594,0.1310564,-3.684962,-0.32012683,0.039138563,-0.0129756145,0.027488936
1755748462.9692407,0.04492440845465765,-3.5814878153745653,-0.5593488,0.8382310518765146,-0.28992273105724425,1.0017166,0.29248047,0.6069336,0.17036808,-3.697398,-0.2926381,0.039480414,-0.011894979,0.027488936
1755748463.018949,0.0862412928161762,-3.5941442150274163,-0.5062363,0.8281291027484676,-0.23538788714579556,0.94013625,0.29467773,0.46557617,0.21000665,-3.7087488,-0.2651494,0.039792437,-0.010805356,0.027488936
1755748463.0688124,0.1268789068043643,-3.604273247426056,-0.4546537,0.7918348242264889,-0.18103715079588079,0.94181645,0.27270508,0.3581543,0.24994224,-3.7190058,-0.23766068,0.040074393,-0.009707569,0.027488936
1755748463.1189232,0.16462150948942628,-3.6116807977336416,-0.40716982,0.7252058816468023,-0.13515589248497767,0.88183296,0.28198242,0.35302734,0.29014608,-3.7281616,-0.21017101,0.040326077,-0.008602409,0.027488936
1755748463.1690571,0.1978276424840882,-3.6168638598043046,-0.36553767,0.6176082189590538,-0.05735009976608863,0.7569237,0.29638672,0.31811523,0.33058497,-3.7362087,-0.18268234,0.040547278,-0.0074907867,0.027488936
1755748463.2189407,0.2255797936946723,-3.618827578444044,-0.33142945,0.5177353982739676,-0.017236392823429782,0.5806599,0.29248047,0.31958008,0.37122977,-3.7431412,-0.15519361,0.040737845,-0.0063735046,0.027488936
1755748463.2689543,0.249139489420616,-3.6201074698689646,-0.30414382,0.4395476815608564,-0.027021058753353363,0.28984514,0.24133301,0.2536621,0.4120497,-3.7489538,-0.1277049,0.040897634,-0.005251407,0.027488936
